WO,FASE,ARTICOLO,Data_Ora_Fine,Descrizione Macchina,Tempo_Teorico_TOT_ORE,Tempo_Predetto_ORE,Tempo Lavoraz. ORE,Indice_Inefficienza,Indice_Inefficienza_Predetto,Classe_Anomaly_Oriented,Classe_Anomaly_Oriented_Big_Data,Classe_Soglie_Custom,OEE_Reale,OEE_Predetto
24028435,16019,1202602141.0,2025-01-07 11:28:44,43: KOEPFER 160/2,1.869,,1.87,1.0005350454788655,,,,,0.9994652406417114,0.99422544
24026957,14019,1089930901.0,2025-01-07 15:09:21,43: KOEPFER 160/2,0.444,,0.55,1.2387387387387387,,,,,0.7356598240469208,0.7401142
24023555,24044,1089956421.0,2025-01-08 16:06:31,43: KOEPFER 160/2,2.2888333333333333,,4.22,1.8437340712153207,,,,,0.3272382398823247,0.32134402
24025600,24044,1083000951.0,2025-01-08 23:43:03,43: KOEPFER 160/2,2.666666666666667,3.2392225,3.24,1.215,1.2266265206151516,NORMALE,ATTENZIONE,NORMALE,0.7023894167582357,0.6982062
24026907,20044,1089930561.0,2025-01-09 20:55:13,43: KOEPFER 160/2,6.844,7.7894387,7.79,1.1382232612507306,1.1380098127602374,NORMALE,NORMALE,NORMALE,0.7949381520053516,0.79464287
24028423,14019,1203002111.0,2025-01-14 10:26:23,43: KOEPFER 160/2,0.61,0.9095914,0.91,1.4918032786885247,1.4154324806154173,ANOMALIA,ANOMALIA,ANOMALIA,0.4567081270377974,0.45300063
24026787,14019,1204120101.0,2025-01-14 11:41:27,43: KOEPFER 160/2,0.23,0.3297109,0.33,1.434782608695652,1.404789298095274,ANOMALIA,ANOMALIA,ANOMALIA,0.4857667584940313,0.48044214
24028400,14017,1204120131.0,2025-01-14 14:31:07,43: KOEPFER 160/2,0.6586666666666666,0.71995956,0.72,1.0931174089068827,1.0885359076000105,NORMALE,NORMALE,NORMALE,0.863991769547325,0.87311363
24027378,16019,1207300091.0,2025-01-14 17:55:48,43: KOEPFER 160/2,0.6696666666666666,1.2104418,1.21,1.8068690890990544,1.7194176997088129,ANOMALIA,ANOMALIA,ANOMALIA,0.3110261138811101,0.30930805
24021481,16017,1089991631.0,2025-01-14 20:38:09,43: KOEPFER 160/2,0.9715,1.7701311,1.77,1.8219248584662893,1.7212145911499477,ANOMALIA,ATTENZIONE,ANOMALIA,0.3476177024482109,0.35378978
22032785,14019,1204480141.0,2025-01-15 00:06:41,43: KOEPFER 160/2,1.933333333333333,1.9406371,1.94,1.003448275862069,1.0054713443749403,NORMALE,NORMALE,NORMALE,0.9965635738831614,0.9948923
24020218,24044,1089990331.0,2025-01-20 18:09:51,43: KOEPFER 160/2,30.225,34.81984,34.82,1.1520264681555004,1.2256298523825706,NORMALE,ATTENZIONE,ANOMALIA,0.7616690347350283,0.757697
24024798,22044,1204240131.0,2025-01-21 08:06:57,43: KOEPFER 160/2,5.4318333333333335,5.7394443,5.74,1.056733454021049,1.0681696222435877,NORMALE,NORMALE,NORMALE,0.9076874303728458,0.9100512
24026244,20044,1203002121.0,2025-01-21 17:03:58,43: KOEPFER 160/2,4.819500000000001,4.840105,4.84,1.004253553273161,1.0128788839649092,NORMALE,NORMALE,NORMALE,0.9938713744775793,0.9887729
24025246,22044,1204000141.0,2025-01-22 13:26:10,43: KOEPFER 160/2,8.623333333333333,9.230114,9.23,1.07035175879397,1.1062271433489697,NORMALE,NORMALE,NORMALE,0.8868223937906481,0.8874607
24025802,20044,1203002111.0,2025-01-23 11:03:20,43: KOEPFER 160/2,2.714,3.2203496,3.22,1.186440677966102,1.2226844350802548,NORMALE,ATTENZIONE,ANOMALIA,0.7153880070546734,0.7147457
24024694,22044,1204120171.0,2025-01-23 17:18:01,43: KOEPFER 160/2,3.2880000000000003,5.99996,6.0,1.824817518248175,1.670895763526464,ANOMALIA,ANOMALIA,ANOMALIA,0.30403986710963454,0.30743232
24030305,14019,1200400111.0,2025-01-23 20:24:47,43: KOEPFER 160/2,1.1295000000000002,1.4895757,1.49,1.31916777335104,1.3029740658495894,NORMALE,ATTENZIONE,NORMALE,0.6492894660052524,0.65715325
24028374,14019,1200400191.0,2025-01-23 22:14:55,43: KOEPFER 160/2,0.462,0.60947907,0.61,1.3203463203463202,1.3101620944044279,NORMALE,ANOMALIA,ANOMALIA,0.6188324670131948,0.6122011
24028389,14017,1201300171.0,2025-01-24 00:22:34,43: KOEPFER 160/2,0.5658333333333333,0.5699913,0.57,1.0073637702503682,1.0189208797659774,NORMALE,ANOMALIA,NORMALE,0.9926900584795322,0.9970796
24026905,20044,1201600151.0,2025-01-27 09:53:27,43: KOEPFER 160/2,3.4171666666666667,3.5098152,3.51,1.0271667560844753,1.0412080871053604,NORMALE,NORMALE,NORMALE,0.952213636186239,0.9497155
24025967,18017,1201901001.0,2025-01-27 16:37:19,43: KOEPFER 160/2,2.833333333333333,4.719923,4.72,1.6658823529411764,1.643174203514025,ANOMALIA,ANOMALIA,ANOMALIA,0.3688176290338025,0.35876223
24028369,22044,1200100131.0,2025-01-27 19:19:37,43: KOEPFER 160/2,0.7773333333333333,1.6892928,1.69,2.17409948542024,1.9855264440760376,ANOMALIA,ANOMALIA,ANOMALIA,0.22333344734411875,0.24030443
24026243,20044,1203004091.0,2025-01-28 15:12:52,43: KOEPFER 160/2,11.044,12.357928,12.36,1.119159724737414,1.1231360375465524,NORMALE,ATTENZIONE,NORMALE,0.8141171876461454,0.8091939
24026906,22044,1203063091.0,2025-01-28 17:45:28,43: KOEPFER 160/2,2.144,2.3612409,2.36,1.1007462686567162,1.1239941371453426,NORMALE,NORMALE,NORMALE,0.8283150548354937,0.8279689
24028450,20044,1089930521.0,2025-01-30 00:15:34,43: KOEPFER 160/2,15.536666666666669,16.320532,16.32,1.0504183651576915,1.159801362951918,NORMALE,NORMALE,NORMALE,0.913154720464409,0.90927494
25000581,16019,1207300091.0,2025-02-03 08:35:24,43: KOEPFER 160/2,2.5935,3.5291069,3.53,1.3610950453055717,1.4144065184466748,NORMALE,ATTENZIONE,NORMALE,0.5432219984110296,0.5355383
24027887,22044,1200700211.0,2025-02-03 15:33:29,43: KOEPFER 160/2,4.932666666666666,4.929525,4.93,0.999459386403568,1.0009416423923592,NORMALE,NORMALE,NORMALE,1.0,0.9980052
24028400,22044,1204120131.0,2025-02-03 20:52:28,43: KOEPFER 160/2,3.453333333333333,3.6206615,3.62,1.0482625482625485,1.056069296653384,NORMALE,NORMALE,NORMALE,0.9240235172642298,0.92604065
24025428,22044,1204240121.0,2025-02-04 16:48:56,43: KOEPFER 160/2,10.912,11.011619,11.01,1.008980938416422,1.0299169641286772,NORMALE,NORMALE,NORMALE,0.9827634331966739,0.97497976
24026787,22044,1204120101.0,2025-02-05 18:10:04,43: KOEPFER 160/2,4.32,5.060547,5.06,1.171296296296296,1.1846753389466904,NORMALE,ATTENZIONE,NORMALE,0.7609270681379345,0.7728225
24027815,20044,1203002101.0,2025-02-06 13:27:39,43: KOEPFER 160/2,8.364,8.920611,8.92,1.0664753706360592,1.0842749906671434,NORMALE,ATTENZIONE,NORMALE,0.8947022349002213,0.89801085
24028423,20044,1203002111.0,2025-02-06 22:44:10,43: KOEPFER 160/2,5.2745,5.780602,5.78,1.095838468101242,1.09966421175059,NORMALE,ATTENZIONE,NORMALE,0.84213096458627,0.84249234
24026957,22044,1089930901.0,2025-02-10 14:03:02,43: KOEPFER 160/2,1.292,1.4602457,1.46,1.130030959752322,1.1407988595651823,NORMALE,NORMALE,NORMALE,0.8356709060704267,0.82657135
24013570,22044,1089930411.0,2025-02-10 18:22:26,43: KOEPFER 160/2,2.658333333333333,3.049501,3.05,1.1473354231974922,1.1589561740046521,NORMALE,NORMALE,NORMALE,0.7626574633304573,0.765339
24026909,22044,1089930841.0,2025-02-10 22:59:02,43: KOEPFER 160/2,2.3375,4.0604477,4.06,1.736898395721925,1.8141572906048997,ANOMALIA,ANOMALIA,ANOMALIA,0.28819845179451087,0.2858754
22032785,22044,1204480141.0,2025-02-11 20:26:12,43: KOEPFER 160/2,8.866666666666667,9.849734,9.85,1.1109022556390975,1.1334838084470236,NORMALE,ATTENZIONE,NORMALE,0.8166927106081343,0.81710863
24031317,16019,1089945001.0,2025-02-12 09:30:09,43: KOEPFER 160/2,0.108,0.10958638,0.11,1.0185185185185184,1.0219203100691212,NORMALE,NORMALE,NORMALE,0.9272727272727274,0.91241956
24026487,26044,1202602101.0,2025-02-12 22:16:02,43: KOEPFER 160/2,5.032166666666667,8.37979,8.38,1.665286655847382,1.5715165217694125,ANOMALIA,ANOMALIA,ANOMALIA,0.36772459092207627,0.36493582
24028903,18044,1089993271.0,2025-02-13 19:18:09,43: KOEPFER 160/2,4.72,4.9994965,5.0,1.0593220338983051,1.0914948837262601,NORMALE,NORMALE,NORMALE,0.9061082024432808,0.90992874
24029291,14019,1203004091.0,2025-02-14 00:18:22,43: KOEPFER 160/2,2.300666666666667,2.6898513,2.69,1.1692263112141408,1.1715567398445177,NORMALE,NORMALE,ANOMALIA,0.7588983716424944,0.77285933
24030753,16019,1089935091.0,2025-02-14 14:18:12,43: KOEPFER 160/2,1.274,1.821519,1.82,1.4285714285714286,1.4600479547454401,ANOMALIA,ANOMALIA,ANOMALIA,0.5266055045871559,0.523081
25001179,14019,1204240131.0,2025-02-17 09:26:09,43: KOEPFER 160/2,0.8700000000000001,1.1204027,1.12,1.2873563218390804,1.3017299404782616,NORMALE,ANOMALIA,ANOMALIA,0.6103316326530612,0.6114827
24030346,16019,1203072101.0,2025-02-17 13:02:48,43: KOEPFER 160/2,1.15,1.1630301,1.16,1.008695652173913,1.0048160130018524,NORMALE,NORMALE,NORMALE,0.9913793103448276,0.99345523
24030347,16019,1203072091.0,2025-02-17 17:43:54,43: KOEPFER 160/2,2.9400000000000004,2.9564977,2.96,1.0068027210884352,1.0061011697545361,NORMALE,NORMALE,NORMALE,0.9932432432432434,0.99520135
25001446,16019,1207300181.0,2025-02-17 20:56:01,43: KOEPFER 160/2,0.9703333333333332,1.179796,1.18,1.2160769495018895,1.205345452720921,NORMALE,NORMALE,NORMALE,0.7189113298826076,0.7176785
24030089,16017,1207000161.0,2025-02-18 11:08:14,43: KOEPFER 160/2,0.3081666666666666,0.40963823,0.41,1.3304488912925907,1.2469635538308474,NORMALE,ANOMALIA,NORMALE,0.5905632984901277,0.58866465
24029133,16017,1207900231.0,2025-02-18 16:06:34,43: KOEPFER 160/2,2.1545,2.4971116,2.5,1.1603620329542816,1.170975019350014,NORMALE,ATTENZIONE,NORMALE,0.7589887719298247,0.7636121
24029545,16019,1202610121.0,2025-02-18 20:29:42,43: KOEPFER 160/2,1.9933333333333327,2.2503686,2.25,1.12876254180602,1.1458653848630012,NORMALE,NORMALE,NORMALE,0.8005354752342703,0.80141836
24029956,18017,1089911031.0,2025-02-19 09:26:32,43: KOEPFER 160/2,0.3916666666666666,0.45948336,0.46,1.1744680851063831,1.142005793122606,NORMALE,NORMALE,NORMALE,0.7976735316552248,0.79962635
24030674,16017,1205440181.0,2025-02-19 10:03:46,43: KOEPFER 160/2,0.24,0.26072398,0.26,1.0833333333333337,1.0534650038135196,NORMALE,ANOMALIA,NORMALE,0.9042386185243325,0.90957713
24029231,14019,1204600161.0,2025-02-19 11:00:44,43: KOEPFER 160/2,0.1833333333333333,0.20983842,0.21,1.1454545454545453,1.0951200958371918,NORMALE,ANOMALIA,NORMALE,0.840071877807727,0.84670657
24030336,16017,1204760121.0,2025-02-19 11:49:11,43: KOEPFER 160/2,0.4051666666666666,0.40038532,0.4,0.9872480460715756,0.991655853975772,NORMALE,NORMALE,NORMALE,1.0,0.9976955
24026956,22044,1089930891.0,2025-02-20 11:24:19,43: KOEPFER 160/2,1.072,2.0594137,2.06,1.921641791044776,1.8852160984628534,ANOMALIA,ANOMALIA,ANOMALIA,0.24400984809773768,0.26192734
24031053,22044,1204520181.0,2025-02-21 13:30:01,43: KOEPFER 160/2,11.250833333333334,14.379977,14.38,1.2781275461076955,1.3671524134377762,ANOMALIA,ATTENZIONE,ANOMALIA,0.6361966366565759,0.6291187
24030335,22044,1204480181.0,2025-02-24 19:41:25,43: KOEPFER 160/2,5.910666666666667,10.740033,10.74,1.817053913828108,1.6490451018633387,ANOMALIA,ANOMALIA,ANOMALIA,0.33390993161750226,0.34094802
25001030,20044,1089930661.0,2025-02-26 16:48:08,43: KOEPFER 160/2,21.03933333333333,24.570175,24.57,1.1678126683354986,1.2466701829921096,NORMALE,ATTENZIONE,ANOMALIA,0.7460442377292463,0.7284665
24023366,16017,1089990331.0,2025-02-26 22:34:04,43: KOEPFER 160/2,2.4535,2.8697495,2.87,1.1697574893009983,1.1810441994585765,NORMALE,NORMALE,ANOMALIA,0.7730771997985468,0.77719414
24029531,14017,1200400151.0,2025-03-04 13:13:22,43: KOEPFER 160/2,2.870833333333333,2.9108992,2.91,1.0136429608127722,1.0122199428099072,NORMALE,NORMALE,NORMALE,0.9865406643757159,0.98846
25003686,14019,1203002121.0,2025-03-04 15:21:02,43: KOEPFER 160/2,0.7705000000000001,0.95857114,0.96,1.2459441920830627,1.2741868457381351,NORMALE,NORMALE,NORMALE,0.6715667517006804,0.6562362
24031314,14019,1203070111.0,2025-03-04 16:30:49,43: KOEPFER 160/2,0.2163333333333333,0.2225227,0.22,1.0169491525423728,1.0176488144133113,NORMALE,ANOMALIA,NORMALE,0.9833333333333334,0.9861567
25001468,14019,1204120111.0,2025-03-05 08:51:34,43: KOEPFER 160/2,0.1304999999999999,0.12994857,0.13,0.9961685823754792,0.9987018581204178,NORMALE,ATTENZIONE,NORMALE,1.0,0.98770666
24030336,24044,1204760121.0,2025-03-05 11:16:24,43: KOEPFER 160/2,1.0745,1.0703793,1.07,0.9958120055839926,0.9949591410488879,NORMALE,NORMALE,NORMALE,1.0,0.9967785
24030059,24044,1205080091.0,2025-03-05 20:38:27,43: KOEPFER 160/2,2.7066666666666666,3.6397316,3.64,1.3448275862068966,1.388305828420273,NORMALE,ATTENZIONE,NORMALE,0.6238257317903336,0.62676036
24029714,16019,1089930531.0,2025-03-06 17:25:43,43: KOEPFER 160/2,3.328,4.5709763,4.57,1.3731971153846156,1.3791575809302643,NORMALE,ATTENZIONE,ANOMALIA,0.5326555378250025,0.51127017
24031335,14019,1089930571.0,2025-03-06 20:47:34,43: KOEPFER 160/2,0.875,1.8699287,1.87,2.137142857142857,1.9645290533952138,ANOMALIA,ANOMALIA,ANOMALIA,0.29017949674584426,0.310441
24030086,22044,1204160121.0,2025-03-07 11:38:30,43: KOEPFER 160/2,1.5105,1.5110561,1.51,0.9996689837802052,1.0009355638029636,NORMALE,NORMALE,NORMALE,1.0,0.9891886
25001185,16019,1089952451.0,2025-03-11 17:34:36,43: KOEPFER 160/2,1.2666666666666666,1.4883714,1.49,1.1763157894736842,1.1697637690234293,NORMALE,NORMALE,NORMALE,0.7754158359308453,0.7831232
25001186,16019,1089952491.0,2025-03-11 19:43:46,43: KOEPFER 160/2,0.5326666666666666,1.1716437,1.17,2.1964956195244056,2.0278480034884963,ANOMALIA,ANOMALIA,ANOMALIA,0.30592260962631335,0.31420198
24030145,16017,1089996461.0,2025-03-12 14:24:10,43: KOEPFER 160/2,6.783333333333333,8.820214,8.82,1.3002457002457004,1.386823545764254,NORMALE,ATTENZIONE,NORMALE,0.6069949628833116,0.61151254
25005005,16017,1089996461.0,2025-03-13 08:36:24,43: KOEPFER 160/2,0.856,0.87020546,0.87,1.016355140186916,1.0108177450291265,NORMALE,ATTENZIONE,NORMALE,0.9839080459770114,0.9872687
24028373,26044,1200300101.0,2025-03-13 17:14:03,43: KOEPFER 160/2,4.34,7.3408012,7.34,1.6912442396313363,1.6069301655157695,ANOMALIA,ANOMALIA,ANOMALIA,0.37899430270002477,0.37610555
24028438,26044,1202606161.0,2025-03-14 00:18:04,43: KOEPFER 160/2,1.892,1.9495898,1.95,1.0306553911205074,1.0580460638402913,NORMALE,NORMALE,NORMALE,0.9562958863678289,0.9529198
24022823,24044,1089990351.0,2025-03-19 23:21:12,43: KOEPFER 160/2,54.06666666666666,61.10923,61.11,1.1302712700369917,1.225308096767776,NORMALE,ATTENZIONE,NORMALE,0.7851458865524185,0.7871002
24025319,24044,1204320106.0,2025-03-21 00:08:58,43: KOEPFER 160/2,10.836000000000002,13.43997,13.44,1.2403100775193796,1.2454803124781795,NORMALE,ATTENZIONE,NORMALE,0.6670920080591001,0.6650058
24023366,24044,1089990331.0,2025-03-26 17:20:25,43: KOEPFER 160/2,38.772000000000006,54.179813,54.18,1.3974001857010212,1.3646865190333903,NORMALE,ATTENZIONE,NORMALE,0.5164317706189463,0.50896865
24028407,22044,1204600121.0,2025-03-27 15:29:18,43: KOEPFER 160/2,2.499,2.800454,2.8,1.1204481792717087,1.1351714676528162,NORMALE,NORMALE,NORMALE,0.8422427184466019,0.84304017
24029231,22044,1204600161.0,2025-03-27 21:46:46,43: KOEPFER 160/2,2.47,4.2897167,4.29,1.7368421052631575,1.715747148521495,ANOMALIA,ANOMALIA,ANOMALIA,0.2504913824225488,0.2574856
25005174,14019,1083003421.0,2025-03-31 11:02:51,43: KOEPFER 160/2,1.1366666666666667,1.4499619,1.45,1.2756598240469208,1.2809132151995337,NORMALE,ATTENZIONE,ANOMALIA,0.6755463469981747,0.6761963
25002671,14017,1204240171.0,2025-03-31 14:03:42,43: KOEPFER 160/2,0.77,0.8198814,0.82,1.0649350649350648,1.0726374353838148,NORMALE,NORMALE,NORMALE,0.9229726912653742,0.9201658
24029132,16019,1207900111.0,2025-03-31 15:09:20,43: KOEPFER 160/2,0.42,0.4200356,0.42,1.0,1.0031383995777716,NORMALE,ANOMALIA,NORMALE,0.9857142857142858,0.98041123
24031333,16019,1202606121.0,2025-03-31 17:28:35,43: KOEPFER 160/2,1.1146666666666667,1.1203434,1.12,1.0047846889952154,1.0026637263477551,NORMALE,NORMALE,NORMALE,0.982142857142857,0.9804032
24030506,28044,1202608321.0,2025-04-02 00:03:16,43: KOEPFER 160/2,10.482166666666666,11.970058,11.97,1.14193948452133,1.220675900454565,NORMALE,ATTENZIONE,NORMALE,0.7432580442533464,0.7483757
24029428,16019,1204440096.0,2025-04-02 17:05:37,43: KOEPFER 160/2,2.8875,3.2897747,3.29,1.1393939393939394,1.1429990094825586,NORMALE,NORMALE,NORMALE,0.819033984032103,0.8148116
24031338,16019,1204320126.0,2025-04-03 08:18:16,43: KOEPFER 160/2,3.216,3.5698745,3.57,1.1100746268656716,1.1342077815514078,NORMALE,NORMALE,NORMALE,0.8229899367154269,0.81363744
24029232,16017,1207100181.0,2025-04-03 11:41:53,43: KOEPFER 160/2,1.656,1.6592722,1.66,1.002415458937198,1.0025123432188843,NORMALE,NORMALE,NORMALE,0.9975903614457832,0.99676085
25001943,16019,1204560096.0,2025-04-03 16:40:31,43: KOEPFER 160/2,1.2666666666666666,1.2694656,1.27,1.0026315789473683,1.0030224912036347,NORMALE,NORMALE,NORMALE,0.9973753280839897,0.9914821
24031334,22044,1203063111.0,2025-04-04 21:22:01,43: KOEPFER 160/2,13.416,14.730341,14.73,1.097942754919499,1.1195992093614853,NORMALE,NORMALE,NORMALE,0.8310964889376297,0.8278965
24028801,24044,1204400161.0,2025-04-07 18:43:45,43: KOEPFER 160/2,4.4366666666666665,5.7307167,5.73,1.2915101427498124,1.2426700919138476,NORMALE,ATTENZIONE,NORMALE,0.6454086125540086,0.6520922
24024403,24044,1200200121.0,2025-04-08 14:25:59,43: KOEPFER 160/2,5.72,6.4590707,6.46,1.1293706293706294,1.1725531651379613,NORMALE,ATTENZIONE,NORMALE,0.8169099835485835,0.82491684
25008342,14019,1083003611.0,2025-04-08 15:45:11,43: KOEPFER 160/2,0.1,0.10032758,0.1,1.0,0.9939815639617748,NORMALE,NORMALE,NORMALE,1.0,1.0
25004712,24044,1207200191.0,2025-04-09 14:42:25,43: KOEPFER 160/2,1.1689999999999998,1.1595893,1.16,0.9923011120615912,0.9928159324803398,NORMALE,NORMALE,NORMALE,1.0,0.99612975
24030348,24044,1207200191.0,2025-04-09 15:19:53,43: KOEPFER 160/2,0.1666666666666666,0.16109647,0.16,0.96,0.9768062024687455,NORMALE,NORMALE,NORMALE,1.0,1.0
25006077,24044,1205460261.0,2025-04-10 08:52:46,43: KOEPFER 160/2,1.4300000000000002,3.2099476,3.21,2.244755244755245,2.0637537417813654,ANOMALIA,ANOMALIA,ANOMALIA,0.23108621293328663,0.25611925
24029291,20044,1203004091.0,2025-04-10 22:02:56,43: KOEPFER 160/2,11.638000000000002,12.099444,12.1,1.039697542533081,1.050706150028017,NORMALE,NORMALE,NORMALE,0.8938957055214728,0.89247113
24031052,22044,1204160151.0,2025-04-11 09:32:08,43: KOEPFER 160/2,2.193,2.7789392,2.78,1.2676698586411308,1.300463982164213,NORMALE,ANOMALIA,ANOMALIA,0.6359505499049037,0.6390998
24025926,24044,1207300111.0,2025-04-15 08:02:24,43: KOEPFER 160/2,8.834833333333332,8.8399,8.84,1.0005848063536382,1.0083317941782246,NORMALE,NORMALE,NORMALE,0.9994155354449471,1.0
25001182,16019,1089930271.0,2025-04-15 16:17:06,43: KOEPFER 160/2,3.622500000000001,4.2292323,4.23,1.1677018633540373,1.1576496285202378,NORMALE,ATTENZIONE,NORMALE,0.7517333275555749,0.7512138
24029715,16017,1089930561.0,2025-04-16 00:05:25,43: KOEPFER 160/2,1.2813333333333334,1.3998423,1.4,1.09261186264308,1.1281346334456481,NORMALE,NORMALE,NORMALE,0.8621808143547274,0.85890454
24030306,22044,1204120361.0,2025-04-16 22:49:46,43: KOEPFER 160/2,2.0995000000000004,2.1002984,2.1,1.0002381519409382,0.9996762059890532,NORMALE,NORMALE,NORMALE,0.9997619047619049,0.9977074
25004539,22044,1089930581.0,2025-04-17 16:49:10,43: KOEPFER 160/2,5.642500000000001,6.2105947,6.21,1.100575985821887,1.0971079963689434,NORMALE,NORMALE,NORMALE,0.837692305868012,0.84472936
24031335,20044,1089930571.0,2025-04-18 20:23:15,43: KOEPFER 160/2,9.594666666666663,10.099455,10.1,1.052668148971651,1.062276070102465,NORMALE,NORMALE,NORMALE,0.8279538237572681,0.83815855
24029714,22044,1089930531.0,2025-04-23 13:06:54,43: KOEPFER 160/2,21.718333333333334,21.95953,21.96,1.0111273117949506,1.0258945837453524,NORMALE,NORMALE,NORMALE,0.9801013014724832,0.98370844
25005958,16017,1089991631.0,2025-04-23 19:31:04,43: KOEPFER 160/2,3.111333333333333,3.3092294,3.31,1.0638525819584317,1.0886507272702723,NORMALE,NORMALE,NORMALE,0.903826787512588,0.8927026
25007056,16017,1089991631.0,2025-04-24 09:26:04,43: KOEPFER 160/2,2.0083333333333333,2.1600354,2.16,1.0755186721991703,1.0849657128906478,NORMALE,NORMALE,NORMALE,0.8996520633287608,0.9138148
24029428,24044,1204440096.0,2025-04-28 15:50:14,43: KOEPFER 160/2,18.34733333333333,19.409721,19.41,1.0579194069982922,1.0895766514531835,NORMALE,NORMALE,NORMALE,0.8960928877875535,0.8967928
25007278,16019,1204320126.0,2025-04-28 18:44:19,43: KOEPFER 160/2,1.788,1.7999992,1.8,1.0067114093959733,1.0071905487224628,NORMALE,NORMALE,NORMALE,0.9933333333333332,0.99039984
25005980,22044,1089996691.0,2025-04-29 16:23:01,43: KOEPFER 160/2,4.692,7.009756,7.01,1.4940323955669224,1.44582504532912,ANOMALIA,ANOMALIA,ANOMALIA,0.46746824264655934,0.47817308
24029232,24044,1207100181.0,2025-04-30 15:36:16,43: KOEPFER 160/2,8.694,9.4303465,9.43,1.0846560846560844,1.0992434040254266,NORMALE,NORMALE,NORMALE,0.8608836134359504,0.85152256
25007366,14019,1083000331.0,2025-05-05 11:40:30,43: KOEPFER 160/2,1.0053333333333332,1.5023304,1.5,1.4920424403183026,1.485420233168056,ANOMALIA,ANOMALIA,ANOMALIA,0.5085605806811836,0.5060651
25003684,22044,1204120101.0,2025-05-05 16:33:42,43: KOEPFER 160/2,2.1175,2.1187608,2.12,1.001180637544274,1.036069516640189,NORMALE,ANOMALIA,NORMALE,0.94723846221986,0.9305425
25001447,16017,1205560111.0,2025-05-06 08:52:33,43: KOEPFER 160/2,2.5625,2.7399414,2.74,1.069268292682927,1.079605405653024,NORMALE,NORMALE,NORMALE,0.8873312593439451,0.8923109
25003719,20044,1203002101.0,2025-05-07 15:16:25,43: KOEPFER 160/2,3.626333333333333,4.550091,4.55,1.2547109109293133,1.3082916106013556,NORMALE,ATTENZIONE,ANOMALIA,0.6626876950210283,0.6588166
25004019,16019,1202602101.0,2025-05-07 17:45:29,43: KOEPFER 160/2,0.8471666666666667,1.1004717,1.1,1.2984457997245722,1.2710500007926546,NORMALE,ATTENZIONE,NORMALE,0.6119954004329005,0.6075617
25007425,16017,1209000861.0,2025-05-07 20:27:59,43: KOEPFER 160/2,1.0686666666666669,1.1007189,1.1,1.0293200249532128,1.0332905442623066,NORMALE,NORMALE,NORMALE,0.9638047138047138,0.96475405
25003787,16019,1089935091.0,2025-05-08 00:11:35,43: KOEPFER 160/2,0.7284999999999999,0.73101515,0.73,1.0020590253946466,1.0028341706207868,NORMALE,NORMALE,NORMALE,0.997945205479452,0.9874289
25007606,16017,1205620231.0,2025-05-08 07:52:41,43: KOEPFER 160/2,0.1875,0.19060735,0.19,1.0133333333333332,1.0069127022488242,NORMALE,ATTENZIONE,NORMALE,0.9868421052631581,0.9844047
25003315,14019,1203004161.0,2025-05-08 09:15:12,43: KOEPFER 160/2,0.324,0.33096287,0.33,1.0185185185185184,1.0150577100514886,NORMALE,NORMALE,NORMALE,0.9818181818181819,0.9733635
25003316,18017,1089910831.0,2025-05-08 10:09:05,43: KOEPFER 160/2,0.11,0.109301835,0.11,1.0,1.006744832030562,NORMALE,ANOMALIA,NORMALE,1.0,0.98813
25001183,14019,1089930421.0,2025-05-08 14:31:14,43: KOEPFER 160/2,0.2293333333333333,0.23051074,0.23,1.002906976744186,1.0052446553497036,NORMALE,NORMALE,NORMALE,0.9971014492753623,0.98763245
25001467,14019,1204480341.0,2025-05-08 17:41:30,43: KOEPFER 160/2,0.52,0.52939594,0.53,1.0192307692307692,1.0126539630779203,NORMALE,ANOMALIA,NORMALE,0.9811320754716982,0.98480535
25004756,14017,1203005331.0,2025-05-08 19:40:51,43: KOEPFER 160/2,0.6345,0.689132,0.69,1.0874704491725768,1.0961337585701236,NORMALE,ATTENZIONE,NORMALE,0.8799287856071963,0.8823652
25006185,14017,1200400171.0,2025-05-08 22:49:53,43: KOEPFER 160/2,0.8785000000000001,1.0302074,1.03,1.172453044963005,1.1720576786115169,NORMALE,NORMALE,NORMALE,0.795705067487568,0.8034945
25007021,16019,1089951511.0,2025-05-09 07:21:00,43: KOEPFER 160/2,0.6435,0.8199583,0.82,1.2742812742812744,1.251481796936005,NORMALE,ATTENZIONE,NORMALE,0.6636517615176151,0.64727616
24031333,26044,1202606121.0,2025-05-09 10:47:33,43: KOEPFER 160/2,2.04,2.0604215,2.06,1.0098039215686274,1.0159226926280802,NORMALE,NORMALE,NORMALE,0.9867032503165893,0.9829633
25000864,26044,1201901001.0,2025-05-12 10:25:11,43: KOEPFER 160/2,17.779,19.420017,19.42,1.0922999043815738,1.1956440178924854,ANOMALIA,NORMALE,ANOMALIA,0.8403224492654746,0.8338295
25010035,16019,1204280121.0,2025-05-12 17:14:32,43: KOEPFER 160/2,1.679,1.8004566,1.8,1.072066706372841,1.099914893568259,NORMALE,NORMALE,NORMALE,0.8705925925925926,0.85752916
24016934,28044,1202604281.0,2025-05-12 20:45:12,43: KOEPFER 160/2,1.127,2.1597862,2.16,1.91659272404614,1.884844056188638,ANOMALIA,ANOMALIA,ANOMALIA,0.2205563145112326,0.24111463
25004972,20044,1089930281.0,2025-05-13 13:06:06,43: KOEPFER 160/2,10.760166666666668,10.919821,10.92,1.0148541689255124,1.0220811633574853,NORMALE,NORMALE,NORMALE,0.9735624904038076,0.9738681
24030755,20044,1089930661.0,2025-05-13 23:00:32,43: KOEPFER 160/2,8.334,8.429089,8.43,1.011519078473722,1.014168992023519,NORMALE,NORMALE,NORMALE,0.9793050819696542,0.9810739
25004977,22044,1089930611.0,2025-05-14 22:06:12,43: KOEPFER 160/2,6.923000000000001,8.731787,8.73,1.2610140112667918,1.272364120435414,NORMALE,ATTENZIONE,NORMALE,0.6808948537312565,0.6842313
25003740,16019,1202608091.0,2025-05-15 09:15:04,43: KOEPFER 160/2,0.495,0.5900991,0.59,1.1919191919191918,1.1874906266214906,NORMALE,ATTENZIONE,NORMALE,0.7914934441957148,0.7968327
25005174,24044,1083003421.0,2025-05-15 19:59:39,43: KOEPFER 160/2,8.617500000000001,9.111382,9.11,1.0571511459239915,1.06573497686174,NORMALE,NORMALE,NORMALE,0.9016840949794908,0.9012536
25007256,14019,1083003421.0,2025-05-16 00:07:17,43: KOEPFER 160/2,1.8,2.1702042,2.17,1.2055555555555555,1.2373537336542486,ANOMALIA,NORMALE,ANOMALIA,0.7254238441001922,0.7142951
24025378,16017,1201901721.0,2025-05-16 15:35:09,43: KOEPFER 160/2,5.388833333333333,6.0691404,6.07,1.1264033649831442,1.1427269554745063,NORMALE,ATTENZIONE,NORMALE,0.8119812124325019,0.8102601
25008490,16019,1205080111.0,2025-05-16 20:25:02,43: KOEPFER 160/2,2.365,2.4602196,2.46,1.0401691331923888,1.0438957937344988,NORMALE,NORMALE,NORMALE,0.9477936740498148,0.9512908
25004070,16019,1202602111.0,2025-05-19 08:22:16,43: KOEPFER 160/2,1.9350000000000005,2.0196903,2.02,1.0439276485788112,1.0493553534089264,NORMALE,NORMALE,NORMALE,0.9339727722772279,0.9299724
25003741,28044,1202608141.0,2025-05-19 18:32:42,43: KOEPFER 160/2,7.843500000000001,8.221552,8.22,1.048001529929241,1.0581676769132975,NORMALE,NORMALE,NORMALE,0.9164900606536492,0.9141277
24029544,28044,1202608141.0,2025-05-20 11:45:08,43: KOEPFER 160/2,10.396,12.669601,12.67,1.2187379761446708,1.309458689604389,NORMALE,ATTENZIONE,ANOMALIA,0.6526233002992504,0.6536851
24029715,20044,1089930561.0,2025-05-20 23:19:38,43: KOEPFER 160/2,8.32,8.71039,8.71,1.046875,1.0479255428972893,NORMALE,NORMALE,NORMALE,0.9162520729684909,0.9224229
25004072,18019,1202608141.0,2025-05-21 11:30:09,43: KOEPFER 160/2,2.494,2.5102572,2.51,1.0064153969526866,1.0052007033998898,NORMALE,NORMALE,NORMALE,0.9936254980079681,0.9956143
25003615,14017,1204120131.0,2025-05-21 13:15:15,43: KOEPFER 160/2,0.625,0.64048904,0.64,1.024,1.1298268963505946,NORMALE,NORMALE,ANOMALIA,0.6578947368421051,0.63171905
25005874,24044,1207300091.0,2025-05-22 07:46:26,43: KOEPFER 160/2,7.546,7.6969256,7.7,1.020408163265306,1.0257874444435884,NORMALE,NORMALE,NORMALE,0.9658914728682172,0.96449095
25004387,22044,1203072101.0,2025-05-22 17:56:33,43: KOEPFER 160/2,5.390000000000001,6.8603935,6.86,1.2727272727272727,1.239118723588276,NORMALE,ATTENZIONE,NORMALE,0.6352169008306842,0.6315307
25008436,24044,1207900131.0,2025-05-22 23:57:04,43: KOEPFER 160/2,3.767666666666667,4.1495695,4.15,1.101477483853844,1.1071130362997097,NORMALE,NORMALE,NORMALE,0.83836515291937,0.8385485
25003316,26044,1089910831.0,2025-05-23 10:51:21,43: KOEPFER 160/2,2.4505000000000003,2.4502249,2.45,0.9997959600081616,1.0071221902828746,NORMALE,NORMALE,NORMALE,1.0,1.0
25006247,24044,1205080091.0,2025-05-23 19:58:36,43: KOEPFER 160/2,4.358666666666667,4.9907537,4.99,1.1448455185071886,1.1968611567436702,NORMALE,NORMALE,ANOMALIA,0.7685251859651507,0.76966953
25004697,22044,1204000141.0,2025-05-27 13:11:29,43: KOEPFER 160/2,19.32,23.949987,23.95,1.239648033126294,1.2724023674990919,NORMALE,ATTENZIONE,ANOMALIA,0.6917965099518034,0.6852564
25011783,16017,1209001191.0,2025-05-27 16:13:57,43: KOEPFER 160/2,1.5890000000000002,1.960334,1.96,1.2334801762114536,1.2025971258377226,NORMALE,ATTENZIONE,ANOMALIA,0.6674677765843181,0.6595162
25011782,18017,1209001181.0,2025-05-27 18:50:03,43: KOEPFER 160/2,1.513666666666667,2.3197486,2.32,1.5327020480070466,1.5480064779951004,ANOMALIA,ANOMALIA,ANOMALIA,0.4264993962162888,0.41002232
25010568,14019,1203002221.0,2025-05-27 22:32:27,43: KOEPFER 160/2,0.575,0.6200437,0.62,1.0782608695652174,1.0724762336899627,NORMALE,ANOMALIA,NORMALE,0.9098101265822784,0.90262574
25011750,14017,1204240171.0,2025-05-28 00:31:42,43: KOEPFER 160/2,0.891,0.889623,0.89,0.9988776655443322,1.0035773225659659,NORMALE,NORMALE,NORMALE,1.0,0.9945547
24025378,16017,1201901721.0,2025-05-28 16:05:44,43: KOEPFER 160/2,2.8080000000000003,2.8100786,2.81,1.0007122507122506,1.001718862532213,NORMALE,NORMALE,NORMALE,0.9992882562277582,0.9886739
25005784,14088,1089939601.0,2025-05-29 09:22:15,43: KOEPFER 160/2,1.192,1.5798362,1.58,1.325503355704698,1.2759628443368805,NORMALE,ATTENZIONE,NORMALE,0.7185949367088608,0.7283636
25001468,22044,1204120111.0,2025-05-29 15:25:01,43: KOEPFER 160/2,0.7763333333333333,0.77891666,0.78,1.004723057106054,1.0057915224002267,NORMALE,NORMALE,NORMALE,0.9952991452991454,0.9914225
25004087,14019,1204120111.0,2025-05-29 19:39:08,43: KOEPFER 160/2,0.6266666666666667,0.6284945,0.63,1.00531914893617,1.0044230330583759,NORMALE,ANOMALIA,NORMALE,0.994708994708995,0.9927474
24030142,16017,1089990331.0,2025-05-30 07:58:54,43: KOEPFER 160/2,2.5556666666666668,2.7003047,2.7,1.0564758053997652,1.0776811755574796,NORMALE,NORMALE,NORMALE,0.8974631915866483,0.8858506
25000979,14019,1204240181.0,2025-05-30 21:20:07,43: KOEPFER 160/2,3.412,3.4595273,3.46,1.0140679953106682,1.010896437657906,NORMALE,NORMALE,NORMALE,0.9861271676300579,0.98633796
25008488,20044,1089930561.0,2025-06-04 13:53:48,43: KOEPFER 160/2,19.80733333333333,19.900167,19.9,1.004678401938676,1.0140059949798408,NORMALE,NORMALE,NORMALE,0.9930090885949445,0.9900343
25003637,14019,1204360111.0,2025-06-04 16:20:33,43: KOEPFER 160/2,0.5658333333333333,0.87986416,0.88,1.5552282768777614,1.4857781694251448,ANOMALIA,ANOMALIA,ANOMALIA,0.416483729338843,0.39487833
25007431,16019,1203063091.0,2025-06-04 20:30:31,43: KOEPFER 160/2,0.968,1.1899782,1.19,1.2293388429752066,1.2083714237452385,NORMALE,ATTENZIONE,NORMALE,0.7624372521285742,0.759138
25001989,14017,1200100191.0,2025-06-04 23:18:46,43: KOEPFER 160/2,0.572,0.7805475,0.78,1.3636363636363638,1.3584183949206812,ANOMALIA,ANOMALIA,ANOMALIA,0.5895424836601307,0.603051
25011747,14019,1204000131.0,2025-06-05 00:00:53,43: KOEPFER 160/2,0.3043333333333333,0.29993698,0.3,0.985761226725082,0.9960747197587787,ANOMALIA,ANOMALIA,NORMALE,1.0,0.9958308
25007425,26044,1209000861.0,2025-06-05 13:34:51,43: KOEPFER 160/2,3.311,3.4395623,3.44,1.0389610389610389,1.0425360823310232,NORMALE,NORMALE,NORMALE,0.934329268292683,0.9315592
24031337,14019,1204360101.0,2025-06-05 15:07:35,43: KOEPFER 160/2,0.247,0.28999618,0.29,1.174089068825911,1.2305723307698735,ANOMALIA,ANOMALIA,ANOMALIA,0.714349276974416,0.69256455
25003317,22044,1203063091.0,2025-06-05 23:07:35,43: KOEPFER 160/2,3.9446666666666665,3.9506717,3.95,1.0013520365049855,1.0019845520773738,NORMALE,NORMALE,NORMALE,0.998649789029536,0.9930365
25009365,16017,1089996461.0,2025-06-06 13:36:47,43: KOEPFER 160/2,4.04,4.2810273,4.28,1.0594059405940597,1.0762489915347455,NORMALE,NORMALE,NORMALE,0.9027998603947723,0.89773643
24031333,26044,1202606121.0,2025-06-06 15:26:13,43: KOEPFER 160/2,0.648,0.7201653,0.72,1.111111111111111,1.0844575187918761,NORMALE,NORMALE,NORMALE,0.8500000000000001,0.8612096
25011030,24044,1207100091.0,2025-06-09 16:26:48,43: KOEPFER 160/2,8.394833333333334,11.019942,11.02,1.3127121840814784,1.2973225161374118,NORMALE,ATTENZIONE,NORMALE,0.6108134998559948,0.61571425
25006051,20044,1089930521.0,2025-06-10 21:31:30,43: KOEPFER 160/2,10.820333333333332,11.779888,11.78,1.0886910446381812,1.098225020395222,NORMALE,NORMALE,NORMALE,0.8444827204086742,0.8461644
25006053,22044,1089930591.0,2025-06-11 11:52:40,43: KOEPFER 160/2,6.407000000000001,6.740225,6.74,1.0519744029967222,1.0537456957767857,NORMALE,NORMALE,NORMALE,0.9147918994951637,0.9137071
25000864,26044,1201901001.0,2025-06-11 23:00:31,43: KOEPFER 160/2,7.9375,7.97004,7.97,1.0040944881889764,1.002156116115105,NORMALE,NORMALE,NORMALE,0.9959222082810539,0.99731827
25006191,22044,1089930601.0,2025-06-12 19:05:56,43: KOEPFER 160/2,9.438,9.438746,9.44,1.0002119093028186,1.0011270501125389,NORMALE,NORMALE,NORMALE,0.9997881355932202,0.9985808
25007157,20044,1203002111.0,2025-06-13 13:18:25,43: KOEPFER 160/2,7.878333333333333,9.829012,9.83,1.2477258303363656,1.258849143984415,NORMALE,ATTENZIONE,NORMALE,0.6750492794856737,0.67530286
25012264,22044,1089930531.0,2025-06-17 00:17:01,43: KOEPFER 160/2,18.9275,26.201096,26.2,1.3842292959978866,1.348690472580472,NORMALE,ANOMALIA,NORMALE,0.5283476964692887,0.51418304
25001990,22044,1200100261.0,2025-06-18 19:35:12,43: KOEPFER 160/2,2.704,2.7300355,2.73,1.0096153846153846,1.0147392050851687,NORMALE,NORMALE,NORMALE,0.9661490683229813,0.9698956
25010135,14019,1200100141.0,2025-06-18 22:11:43,43: KOEPFER 160/2,0.7400000000000001,0.73967123,0.74,1.0,1.0004110623015123,NORMALE,NORMALE,NORMALE,1.0,0.99669474
25004709,22044,1204000091.0,2025-06-19 08:28:38,43: KOEPFER 160/2,1.1874999999999998,1.2415313,1.24,1.0442105263157897,1.054946529918454,NORMALE,NORMALE,NORMALE,0.9395922093730978,0.9348202
25010431,22044,1204000111.0,2025-06-19 15:36:52,43: KOEPFER 160/2,5.3625,6.0501323,6.05,1.1282051282051282,1.1450641373882953,NORMALE,NORMALE,NORMALE,0.7990909090909092,0.8053572
25003740,22044,1202608091.0,2025-06-20 11:41:54,43: KOEPFER 160/2,5.791499999999999,6.7397084,6.74,1.1637744971078303,1.1754991990059152,NORMALE,ATTENZIONE,NORMALE,0.7739945550401891,0.7868945
25004072,28044,1202608141.0,2025-06-23 16:47:45,43: KOEPFER 160/2,5.635,6.5097694,6.51,1.15527950310559,1.2591924049832963,NORMALE,ATTENZIONE,NORMALE,0.7526310636839786,0.7500687
25002559,16017,1205500091.0,2025-06-24 00:09:56,43: KOEPFER 160/2,2.4166666666666665,2.4785144,2.48,1.026206896551724,1.0374849986342012,NORMALE,NORMALE,NORMALE,0.9628061171991564,0.96766967
25012552,16019,1204560096.0,2025-06-24 13:02:53,43: KOEPFER 160/2,1.4946666666666666,1.9027029,1.9,1.271186440677966,1.254500586588554,NORMALE,ATTENZIONE,NORMALE,0.7012571428571429,0.71119905
25003615,22044,1204120131.0,2025-06-24 19:04:43,43: KOEPFER 160/2,4.679666666666666,4.908755,4.91,1.049220029916661,1.054566111410581,NORMALE,NORMALE,NORMALE,0.918158973210636,0.9195899
25012191,14017,1204360161.0,2025-06-26 11:48:40,43: KOEPFER 160/2,0.475,0.5201861,0.52,1.0947368421052632,1.1713753651265937,NORMALE,ATTENZIONE,ANOMALIA,0.7145626550868486,0.70017046
25003742,16019,1202610191.0,2025-06-26 14:03:11,43: KOEPFER 160/2,0.5476666666666666,0.5400856,0.54,0.9860012172854536,0.9915479678010399,NORMALE,NORMALE,NORMALE,0.967741935483871,0.96752435
25004900,16019,1202610111.0,2025-06-26 16:36:37,43: KOEPFER 160/2,0.8160000000000001,0.8191338,0.82,1.0049019607843137,1.0043757875849435,NORMALE,NORMALE,NORMALE,0.9951219512195122,0.9916266
25012090,14017,1201901031.0,2025-06-27 07:05:31,43: KOEPFER 160/2,1.5026666666666668,2.239847,2.24,1.4906832298136643,1.5267589955436494,ANOMALIA,ANOMALIA,ANOMALIA,0.48506410256410265,0.47883236
25011768,16019,1204400161.0,2025-06-27 20:14:17,43: KOEPFER 160/2,1.909333333333333,1.9308103,1.93,1.0108240223463687,1.0113000682343831,NORMALE,NORMALE,NORMALE,0.9892918825561313,0.9954481
25010137,24044,1207300181.0,2025-06-30 14:13:48,43: KOEPFER 160/2,5.104,5.4800687,5.48,1.073667711598746,1.0906063944524036,NORMALE,NORMALE,NORMALE,0.8844261792308163,0.8857617
25003636,22044,1204600151.0,2025-06-30 16:42:16,43: KOEPFER 160/2,1.8196666666666668,1.8200309,1.82,1.0001831837332844,1.0031498665670995,NORMALE,NORMALE,NORMALE,0.9998168498168499,0.99404943
25010037,22044,1204120101.0,2025-07-01 15:09:43,43: KOEPFER 160/2,5.013333333333333,6.819864,6.82,1.360372340425532,1.350455458024715,NORMALE,ATTENZIONE,ANOMALIA,0.5658218035633217,0.56187713
25007910,22044,1089930581.0,2025-07-01 21:56:06,43: KOEPFER 160/2,5.6615,5.6602087,5.66,0.9997350525479112,1.0038431542199502,NORMALE,NORMALE,NORMALE,0.9950248756218906,0.9981367
25010067,24044,1207300111.0,2025-07-03 17:56:25,43: KOEPFER 160/2,20.0705,23.820341,23.82,1.1868164719364245,1.2190324916943847,NORMALE,ATTENZIONE,NORMALE,0.7172653928932635,0.70384943
25015243,24044,1083003421.0,2025-07-07 09:12:22,43: KOEPFER 160/2,14.121666666666666,21.080091,21.08,1.49274164994689,1.4337598887196683,ANOMALIA,ANOMALIA,ANOMALIA,0.4741152099834645,0.47535917
25015339,24044,1083003421.0,2025-07-08 00:06:29,43: KOEPFER 160/2,12.089166666666666,14.419964,14.42,1.1928034741848763,1.229210040447763,NORMALE,ATTENZIONE,ANOMALIA,0.703743514665845,0.7019388
25003789,16019,1089937161.0,2025-07-10 00:29:25,43: KOEPFER 160/2,0.4331666666666667,0.81039786,0.81,1.869949980761832,1.6203929761627938,ANOMALIA,ANOMALIA,ANOMALIA,0.3878129613922658,0.39853194
23008355,18019,1089938801.0,2025-07-10 11:48:59,43: KOEPFER 160/2,0.8893333333333334,0.88976395,0.89,1.0007496251874062,1.0007522814963494,NORMALE,ANOMALIA,NORMALE,0.9992509363295882,0.99202985
25005041,24044,1200300161.0,2025-07-11 14:52:24,43: KOEPFER 160/2,11.786666666666669,17.75042,17.75,1.5059389140271493,1.4433452204825443,ANOMALIA,ANOMALIA,ANOMALIA,0.4559326170540093,0.4541881
25007598,22044,1200100171.0,2025-07-14 17:49:59,43: KOEPFER 160/2,0.544,0.71989167,0.72,1.3235294117647058,1.279074519292416,NORMALE,NORMALE,NORMALE,0.6860791826309067,0.6936393
25006187,24044,1207200161.0,2025-07-16 10:07:57,43: KOEPFER 160/2,17.413666666666664,23.839949,23.84,1.369039643192129,1.3486922387422338,NORMALE,ATTENZIONE,NORMALE,0.5456605165340856,0.5412944
25008148,22044,1204240131.0,2025-07-16 17:26:52,43: KOEPFER 160/2,3.3606666666666665,3.3799593,3.38,1.0057528268200755,1.0025483823705996,NORMALE,NORMALE,NORMALE,0.9942800788954634,0.99135816
25007191,20044,1089930571.0,2025-07-17 22:19:02,43: KOEPFER 160/2,9.6,11.070088,11.07,1.1531250000000002,1.1629078903964167,NORMALE,ATTENZIONE,NORMALE,0.7220553283881616,0.72153264
25012090,22044,1201901031.0,2025-07-21 21:39:57,43: KOEPFER 160/2,7.8155,10.899923,10.9,1.394664448851641,1.3993046115784364,ANOMALIA,ANOMALIA,ANOMALIA,0.5199506377666259,0.50470185
25002936,14019,1204480181.0,2025-07-22 00:27:08,43: KOEPFER 160/2,0.7725000000000001,0.94943404,0.95,1.2297734627831711,1.2003786844720121,NORMALE,ATTENZIONE,NORMALE,0.7466978744939274,0.7398148
25011445,16017,1089995231.0,2025-07-22 10:10:26,43: KOEPFER 160/2,0.7595,0.7605488,0.76,1.000658327847268,1.0032475507573748,NORMALE,NORMALE,NORMALE,0.9993421052631578,0.9979466
25016069,16019,1204320126.0,2025-07-22 14:19:25,43: KOEPFER 160/2,2.651333333333333,2.6587903,2.66,1.0032687955745538,1.0040941765393054,NORMALE,NORMALE,NORMALE,0.9967418546365914,0.99886745
25015756,16019,1207900111.0,2025-07-22 15:42:36,43: KOEPFER 160/2,0.75,0.7597938,0.76,1.0133333333333334,1.009525099681815,NORMALE,NORMALE,NORMALE,0.9868421052631579,0.99217534
25011748,14017,1204120151.0,2025-07-22 17:56:50,43: KOEPFER 160/2,1.1873333333333334,1.1890867,1.19,1.0022459292532284,1.0067707167709625,NORMALE,NORMALE,NORMALE,0.9977591036414567,0.9841502
25003830,16019,1204560116.0,2025-07-23 08:26:00,43: KOEPFER 160/2,4.522,4.629249,4.63,1.0238832375055285,1.0327585347253676,NORMALE,NORMALE,NORMALE,0.9634244144189396,0.9609662
25015727,20044,1089930281.0,2025-07-23 17:44:52,43: KOEPFER 160/2,6.174166666666667,6.7202806,6.72,1.0884059927115668,1.1352744706553186,NORMALE,NORMALE,NORMALE,0.8562100610000202,0.8503842
25013756,14017,1200700151.0,2025-07-23 22:14:51,43: KOEPFER 160/2,1.2215,1.2686148,1.27,1.0397052803929594,1.0591215486696148,NORMALE,NORMALE,NORMALE,0.9444026793030962,0.9350589
25014329,16017,1089920151.0,2025-07-24 00:07:10,43: KOEPFER 160/2,0.441,0.87899137,0.88,1.9954648526077088,1.7700713009152758,ANOMALIA,ANOMALIA,ANOMALIA,0.2619576446280993,0.28508842
25011718,26044,1089917121.0,2025-07-24 11:04:04,43: KOEPFER 160/2,1.664,2.3193927,2.32,1.394230769230769,1.5020942210239776,NORMALE,NORMALE,ANOMALIA,0.6001786671431124,0.61592215
25003789,26044,1089937161.0,2025-07-24 14:06:50,43: KOEPFER 160/2,2.0740000000000003,2.1903853,2.19,1.055930568948891,1.057269646547159,NORMALE,NORMALE,NORMALE,0.9147100534542678,0.9235996
25008470,14019,1200100131.0,2025-07-24 19:36:11,43: KOEPFER 160/2,0.1966666666666666,0.3195519,0.32,1.6271186440677965,1.5253819518085603,ANOMALIA,ANOMALIA,ANOMALIA,0.538623595505618,0.54979265
25012379,14019,1200100141.0,2025-07-24 21:11:30,43: KOEPFER 160/2,0.2426666666666666,0.25049308,0.25,1.0302197802197803,1.0149432361138901,NORMALE,ANOMALIA,NORMALE,0.9706666666666666,0.9741492
25011773,14019,1203004101.0,2025-07-25 00:31:42,43: KOEPFER 160/2,0.322,0.32032597,0.32,0.9937888198757764,1.0000506834792664,NORMALE,ANOMALIA,NORMALE,1.0,0.99271035
25007413,22044,1204000141.0,2025-07-28 07:11:36,43: KOEPFER 160/2,10.608,11.980324,11.98,1.1293363499245852,1.1531507197092794,NORMALE,ATTENZIONE,NORMALE,0.7973953071748568,0.799096
25015758,20044,1203002141.0,2025-07-28 10:05:56,43: KOEPFER 160/2,0.8833333333333333,0.9696854,0.97,1.0981132075471698,1.091688125640357,NORMALE,NORMALE,NORMALE,0.8635501836710511,0.86708665
25007189,16019,1203063111.0,2025-07-28 14:34:01,43: KOEPFER 160/2,2.575,2.8403711,2.84,1.102912621359223,1.1233033739871963,NORMALE,NORMALE,NORMALE,0.8409879567258626,0.8382478
25011852,14019,1203004161.0,2025-07-28 15:22:38,43: KOEPFER 160/2,0.45,0.4602417,0.46,1.022222222222222,1.0174895830164872,NORMALE,NORMALE,NORMALE,0.9782608695652176,0.98616
25010545,16017,1207200121.0,2025-07-28 19:32:51,43: KOEPFER 160/2,2.9628333333333328,3.3496263,3.35,1.1306744670079318,1.2152869091375986,NORMALE,NORMALE,ANOMALIA,0.7888802524772258,0.78216726
25006189,18019,1202600101.0,2025-07-30 09:20:08,43: KOEPFER 160/2,0.3006666666666666,0.46937585,0.47,1.563192904656319,1.4412416461135455,ANOMALIA,ANOMALIA,ANOMALIA,0.5505755144750611,0.56878597
25014824,22044,1089930581.0,2025-07-30 20:32:13,43: KOEPFER 160/2,8.066500000000001,9.610997,9.61,1.1913469286555505,1.2027971452351236,NORMALE,ATTENZIONE,NORMALE,0.7153671770477184,0.70234823
25015902,20044,1089930521.0,2025-08-25 22:20:38,43: KOEPFER 160/2,31.24666666666667,33.770027,33.77,1.08075528056326,1.1360473600390164,NORMALE,ATTENZIONE,NORMALE,0.8580004604798805,0.8694721
23008355,28044,1089938801.0,2025-08-26 10:24:00,43: KOEPFER 160/2,2.704333333333333,2.440512,2.44,0.9022556390977444,0.9460815139684137,NORMALE,NORMALE,NORMALE,0.9639639639639639,0.95331573
25003660,24044,1207500181.0,2025-08-26 16:04:08,43: KOEPFER 160/2,6.06,5.3196507,5.32,0.877887788778878,0.9957722563743769,NORMALE,NORMALE,NORMALE,0.9299552906110283,0.92070884
25001989,22044,1200100191.0,2025-08-27 14:54:35,43: KOEPFER 160/2,4.7235,5.5387125,5.54,1.1728591087117604,1.1697010497749842,NORMALE,NORMALE,NORMALE,0.7478410055066629,0.7549097
25017287,22044,1200400241.0,2025-08-27 17:29:39,43: KOEPFER 160/2,1.335,1.9106737,1.91,1.430711610486891,1.5539555674525594,NORMALE,ANOMALIA,ANOMALIA,0.5063146469161027,0.49965143
25001685,14019,1200100161.0,2025-08-27 19:57:44,43: KOEPFER 160/2,0.6586666666666666,1.2311393,1.23,1.8674089068825912,1.7827990629946686,ANOMALIA,ANOMALIA,ANOMALIA,0.3713961010577848,0.37526864
25014804,20044,1089930661.0,2025-08-28 14:39:26,43: KOEPFER 160/2,4.026,5.370237,5.37,1.3338301043219076,1.3847058059214914,NORMALE,ATTENZIONE,NORMALE,0.586145251396648,0.5879727
25006390,16019,1089910891.0,2025-08-28 18:49:34,43: KOEPFER 160/2,2.2885,2.3403876,2.34,1.0225038234651518,1.0089089603606118,NORMALE,NORMALE,NORMALE,0.9696681214766322,0.9760349
25015754,16017,1205440181.0,2025-08-28 21:44:27,43: KOEPFER 160/2,0.561,0.76929927,0.77,1.3725490196078431,1.3200695725483453,NORMALE,ANOMALIA,ANOMALIA,0.5923898531375167,0.5965341
25010036,22044,1204480131.0,2025-08-29 18:22:43,43: KOEPFER 160/2,9.211,9.530334,9.53,1.0346325046140483,1.0862070991064585,NORMALE,NORMALE,NORMALE,0.8800615649429289,0.86742806
25021769,14019,1204000181.0,2025-08-29 20:50:45,43: KOEPFER 160/2,0.5366666666666667,1.1195513,1.12,2.0869565217391304,1.9285049411965927,ANOMALIA,ATTENZIONE,ANOMALIA,0.3336605584642234,0.34017634
25004659,14019,1203002161.0,2025-08-29 22:20:27,43: KOEPFER 160/2,0.6965,1.0304407,1.03,1.4788226848528356,1.432953658782297,ANOMALIA,ANOMALIA,ANOMALIA,0.4973802455267592,0.5014571
25012379,22044,1200100141.0,2025-09-01 13:10:51,43: KOEPFER 160/2,4.278,3.6801345,3.68,0.860215053763441,0.902197279441221,NORMALE,NORMALE,NORMALE,0.9856115107913669,0.9847273
25008470,22044,1200100131.0,2025-09-01 16:22:36,43: KOEPFER 160/2,1.3318333333333334,2.302134,2.3,1.7269428106619944,1.579728511626654,ANOMALIA,ANOMALIA,ANOMALIA,0.4199016865836088,0.41760504
25016442,16017,1204520131.0,2025-09-02 11:06:19,43: KOEPFER 160/2,1.8493333333333333,1.9594452,1.96,1.0598413842826244,1.0776794082578494,NORMALE,ATTENZIONE,NORMALE,0.8485504268821622,0.8416749
25010138,16017,1205440261.0,2025-09-02 14:45:57,43: KOEPFER 160/2,2.6435,2.9998233,3.0,1.1348590883298657,1.26112799786308,NORMALE,NORMALE,ANOMALIA,0.7596264367816092,0.75496745
25017430,16019,1202610191.0,2025-09-02 18:34:58,43: KOEPFER 160/2,2.8635,2.572753,2.57,0.8975030557010651,0.9414517488946994,NORMALE,NORMALE,NORMALE,0.9575757575757575,0.95658433
21037461,16019,1202610181.0,2025-09-02 21:17:52,43: KOEPFER 160/2,1.7173333333333334,1.950301,1.95,1.1354813664596273,1.1382389391360348,NORMALE,ATTENZIONE,NORMALE,0.8078999788090698,0.8191689
25018081,14019,1201000201.0,2025-09-02 23:30:57,43: KOEPFER 160/2,0.3,0.4203541,0.42,1.3999999999999997,1.360452670696755,NORMALE,NORMALE,ANOMALIA,0.5272108843537416,0.5081445
25020596,14019,1204120121.0,2025-09-03 09:49:56,43: KOEPFER 160/2,0.9966666666666666,1.0903661,1.09,1.093645484949833,1.1265023393842046,NORMALE,ATTENZIONE,NORMALE,0.806799784133837,0.8021933
25019258,14019,1203002141.0,2025-09-03 10:52:28,43: KOEPFER 160/2,0.6271666666666667,0.7488412,0.75,1.1958543715120915,1.202353531897236,NORMALE,ATTENZIONE,NORMALE,0.705802242609582,0.70565164
25008483,14017,1200710111.0,2025-09-03 14:21:28,43: KOEPFER 160/2,1.6915000000000002,2.299903,2.3,1.3597398758498371,1.4097083137199844,ANOMALIA,ATTENZIONE,ANOMALIA,0.5994720496894411,0.60520923
25013243,16017,1205500111.0,2025-09-03 17:42:02,43: KOEPFER 160/2,2.492,2.7193868,2.72,1.0914927768860354,1.1166381813074038,NORMALE,NORMALE,NORMALE,0.8051247771836006,0.79654413
25011853,18017,1089910831.0,2025-09-03 19:53:54,43: KOEPFER 160/2,0.5553333333333333,0.94010025,0.94,1.6926770708283312,1.546218409991462,ANOMALIA,ANOMALIA,ANOMALIA,0.4459437199725464,0.45214918
25012185,22044,1204120241.0,2025-09-04 09:19:03,43: KOEPFER 160/2,2.6075,3.9488232,3.95,1.5148609779482265,1.4162978088502869,ANOMALIA,ANOMALIA,ANOMALIA,0.4692638965327462,0.4597177
25003661,22044,1204120261.0,2025-09-04 16:45:26,43: KOEPFER 160/2,4.644,5.4103737,5.41,1.164944013781223,1.2139698027098238,NORMALE,ATTENZIONE,NORMALE,0.7496118299445472,0.73379105
25014634,14019,1089980611.0,2025-09-05 13:23:33,43: KOEPFER 160/2,0.6133333333333334,1.2797655,1.28,2.0869565217391304,1.9616420313559908,ANOMALIA,ANOMALIA,ANOMALIA,0.2944110576923077,0.29762748
24016491,16017,1205044131.0,2025-09-05 15:52:09,43: KOEPFER 160/2,0.6113333333333333,0.80134606,0.8,1.3086150490730646,1.2782790187004294,NORMALE,ATTENZIONE,ANOMALIA,0.6041047297297296,0.5946333
25016448,14019,1204120101.0,2025-09-08 09:49:49,43: KOEPFER 160/2,0.995,1.4006754,1.4,1.4070351758793969,1.4342470928478115,ANOMALIA,ATTENZIONE,ANOMALIA,0.5501008878127523,0.5532392
25016674,16019,1202608091.0,2025-09-08 11:34:37,43: KOEPFER 160/2,1.4076666666666666,1.5106283,1.51,1.0726971347383376,1.1005257516261266,NORMALE,NORMALE,NORMALE,0.842735540838852,0.83322674
25014485,18019,1202600171.0,2025-09-08 15:58:23,43: KOEPFER 160/2,4.287333333333334,4.0007524,4.0,0.9329808738920852,0.9914367302840544,NORMALE,NORMALE,NORMALE,0.9530434782608697,0.94749504
25018146,14019,1204360121.0,2025-09-08 17:29:51,43: KOEPFER 160/2,1.0,0.99888426,1.0,1.0,1.1036743586800661,NORMALE,NORMALE,NORMALE,0.8833333333333334,0.84793454
25007133,22044,1204000111.0,2025-09-10 11:22:37,43: KOEPFER 160/2,23.908,25.539476,25.54,1.0682616697339802,1.1298154720263576,NORMALE,NORMALE,NORMALE,0.8814856913049008,0.8973413
25012917,22044,1203072101.0,2025-09-10 23:47:58,43: KOEPFER 160/2,8.432,9.490226,9.49,1.1254743833017078,1.121495069882734,NORMALE,ATTENZIONE,NORMALE,0.798722123789694,0.8160312
23009497,16019,1202606101.0,2025-09-11 10:36:47,43: KOEPFER 160/2,1.146,1.4694408,1.47,1.282722513089005,1.3127588345570678,NORMALE,ATTENZIONE,ANOMALIA,0.635082130413141,0.6258047
25003830,24044,1204560116.0,2025-09-12 14:57:17,43: KOEPFER 160/2,13.534,15.949643,15.95,1.1785133737254323,1.2035243855849695,NORMALE,ATTENZIONE,NORMALE,0.7326635696390579,0.74123615
25004900,26044,1202610111.0,2025-09-15 13:18:19,43: KOEPFER 160/2,5.3213333333333335,5.1397986,5.14,0.9659233274868452,1.015123245208777,NORMALE,NORMALE,NORMALE,0.9222042139384116,0.9210779
25015734,16017,1205620131.0,2025-09-15 18:22:34,43: KOEPFER 160/2,1.4486666666666663,2.4102254,2.41,1.6635987114588129,1.6156480800289652,ANOMALIA,ATTENZIONE,ANOMALIA,0.43064346318201524,0.4410567
25013585,16017,1205560111.0,2025-09-16 07:46:02,43: KOEPFER 160/2,4.555166666666667,3.810268,3.81,0.8364128645128243,0.855141795038158,NORMALE,NORMALE,NORMALE,0.982646420824295,0.9836504
25002331,22044,1204360131.0,2025-09-16 18:34:14,43: KOEPFER 160/2,10.481666666666666,9.290282,9.29,0.8863094291620289,0.97924653024343,NORMALE,NORMALE,NORMALE,0.9463659408966212,0.94310635
25015895,16019,1202602101.0,2025-09-17 11:20:54,43: KOEPFER 160/2,1.971666666666667,2.319545,2.32,1.176669484361792,1.1556279683121626,NORMALE,ATTENZIONE,ANOMALIA,0.7558918636504843,0.7650199
23010235,16019,1202602211.0,2025-09-17 14:28:02,43: KOEPFER 160/2,2.5306666666666664,2.5091841,2.51,0.9918335089567968,1.0206103715353487,NORMALE,NORMALE,NORMALE,0.9570405727923629,0.9549027
25006189,28044,1202600101.0,2025-09-18 09:26:22,43: KOEPFER 160/2,6.660333333333333,7.95977,7.96,1.1951353786096792,1.2373754515999134,ANOMALIA,ATTENZIONE,ANOMALIA,0.7370966070663395,0.75130457
25019629,14019,1204000091.0,2025-09-18 14:38:23,43: KOEPFER 160/2,2.7435,2.6193748,2.62,0.9549845088390742,0.9580206010653085,NORMALE,NORMALE,NORMALE,0.9681818181818183,0.95923275
25018089,14019,1083003421.0,2025-09-18 21:37:21,43: KOEPFER 160/2,0.9736666666666668,1.9298313,1.93,1.982197877439233,1.8437639893275817,ANOMALIA,ANOMALIA,ANOMALIA,0.30183192359358163,0.3128422
25019997,14019,1089930581.0,2025-09-19 12:07:53,43: KOEPFER 160/2,2.56,2.3095345,2.31,0.90234375,1.0262880370918825,NORMALE,NORMALE,NORMALE,0.9195402298850575,0.913814
25016449,20044,1203002121.0,2025-09-22 13:39:05,43: KOEPFER 160/2,10.746666666666668,12.210434,12.21,1.136166253101737,1.147646341301885,NORMALE,ATTENZIONE,NORMALE,0.7868434394750184,0.80220926
20013417,14019,1205044501.0,2025-09-23 10:39:03,43: KOEPFER 160/2,1.7425,1.6899885,1.69,0.96987087517934,0.9770680168494654,NORMALE,ANOMALIA,NORMALE,0.9548611111111112,0.94814163
24001349,18017,1089911011.0,2025-09-23 15:01:43,43: KOEPFER 160/2,0.2493333333333333,0.20012757,0.2,0.8021390374331551,0.8514204343709291,NORMALE,ANOMALIA,NORMALE,1.0,1.0
25020131,22044,1089930411.0,2025-09-25 11:55:29,43: KOEPFER 160/2,1.6878333333333333,1.5200365,1.52,0.9005628517823641,0.879762226518693,NORMALE,NORMALE,NORMALE,0.9887218045112782,0.99442405
25017478,14019,1083003451.0,2025-10-02 11:48:33,43: KOEPFER 160/2,1.0325,0.9517184,0.95,0.920096852300242,0.9444557059394469,NORMALE,NORMALE,NORMALE,0.9243697478991596,0.92299217
25019656,16017,1205042111.0,2025-10-02 15:53:43,43: KOEPFER 160/2,0.8486666666666667,1.2109324,1.21,1.4257659073055773,1.532895051768199,ANOMALIA,ANOMALIA,ANOMALIA,0.4913604457518171,0.47682276
25024407,16019,1202606111.0,2025-10-02 18:10:47,43: KOEPFER 160/2,0.9473333333333332,1.4863414,1.49,1.5728360309641098,1.521315892661927,ANOMALIA,ATTENZIONE,ANOMALIA,0.46209783435964846,0.46315637
25022059,14019,1203021101.0,2025-10-02 21:28:32,43: KOEPFER 160/2,0.988,1.5393503,1.54,1.5587044534412955,1.6356747438401738,ANOMALIA,ANOMALIA,ANOMALIA,0.4741953698475438,0.4889463
25015742,14019,1200700211.0,2025-10-03 00:01:41,43: KOEPFER 160/2,1.0941666666666667,1.0095248,1.01,0.923076923076923,0.9108831132996859,NORMALE,ANOMALIA,NORMALE,0.9416058394160584,0.9365844
25015905,16019,1089930641.0,2025-10-07 13:09:17,43: KOEPFER 160/2,2.7195,2.6300967,2.63,0.96708953851811,0.9871089568193337,NORMALE,NORMALE,NORMALE,0.9065420560747665,0.8970426
25021856,22044,1089930611.0,2025-10-08 07:12:22,43: KOEPFER 160/2,15.0265,11.9899645,11.99,0.7979236681862044,0.8234632496059738,NORMALE,NORMALE,NORMALE,0.9956584659913169,0.99597704
25020601,24044,1207000121.0,2025-10-09 15:08:00,43: KOEPFER 160/2,4.999666666666667,4.611297,4.61,0.9220614707647176,0.9445713079047745,NORMALE,NORMALE,NORMALE,0.9505409582689335,0.9533568
25023475,14019,1204600131.0,2025-10-10 14:36:57,43: KOEPFER 160/2,0.7916666666666666,0.8386674,0.84,1.0610526315789477,0.9878812291093076,NORMALE,NORMALE,NORMALE,0.9145355673133448,0.93340975
25023474,14019,1204600121.0,2025-10-10 15:30:22,43: KOEPFER 160/2,0.4108333333333333,0.3203221,0.32,0.7789046653144016,0.867739296067744,NORMALE,NORMALE,NORMALE,1.0,1.0
24016491,22048,1205044131.0,2025-10-10 22:35:20,43: KOEPFER 160/2,0.7678333333333334,1.4695581,1.47,1.914477968309095,1.8815314091103768,ANOMALIA,ANOMALIA,ANOMALIA,0.3264597505668934,0.32492658
25023497,14019,1203004161.0,2025-10-13 13:04:59,43: KOEPFER 160/2,0.7921666666666666,0.789969,0.79,0.9972648853355776,0.9981998264339701,NORMALE,NORMALE,NORMALE,0.9107142857142857,0.8910229
25018201,24044,1207100181.0,2025-10-13 23:06:27,43: KOEPFER 160/2,8.705666666666668,7.059135,7.06,0.8109660374468736,0.843012316409975,NORMALE,NORMALE,NORMALE,0.9949044585987261,1.0
25011773,20044,1203004101.0,2025-10-14 09:52:16,43: KOEPFER 160/2,2.695,2.2210612,2.22,0.8237476808905382,0.8472212998509511,NORMALE,NORMALE,NORMALE,0.9816176470588236,0.984744
25018202,24044,1207100091.0,2025-10-14 22:32:55,43: KOEPFER 160/2,12.7715,10.490578,10.49,0.8213600595074972,0.8722575023857325,NORMALE,NORMALE,NORMALE,0.9873873873873873,0.99355435
25018142,24044,1204280161.0,2025-10-15 15:27:39,43: KOEPFER 160/2,3.69,4.560307,4.56,1.235772357723577,1.1993416273809954,NORMALE,ANOMALIA,NORMALE,0.6756364279220124,0.67841166
25015756,24044,1207900111.0,2025-10-16 13:08:26,43: KOEPFER 160/2,5.696833333333332,5.4005184,5.4,0.9478950294022996,0.9472673844427402,NORMALE,NORMALE,NORMALE,0.9704142011834319,0.9654923
25019920,14019,1204240131.0,2025-10-16 18:13:11,43: KOEPFER 160/2,1.892,2.9506419,2.95,1.5591966173361524,1.5830159221027489,ANOMALIA,ANOMALIA,ANOMALIA,0.42960667204735,0.4147545
25020516,14019,1083000291.0,2025-10-20 14:45:48,43: KOEPFER 160/2,2.5500000000000003,4.230251,4.23,1.6588235294117648,1.6440969715800886,ANOMALIA,ANOMALIA,ANOMALIA,0.39774804416173143,0.39921722
25023795,16019,1204320106.0,2025-10-21 00:23:15,43: KOEPFER 160/2,9.905333333333331,8.828921,8.83,0.8914389554448782,1.0415297214427903,NORMALE,NORMALE,NORMALE,0.9415584415584415,0.9328971
25024811,16017,1204440096.0,2025-10-21 15:46:14,43: KOEPFER 160/2,8.4255,7.450588,7.45,0.8842205210373272,0.9401918982906579,NORMALE,NORMALE,NORMALE,0.9486552567237164,0.9471384
25013236,22044,1204600161.0,2025-10-27 22:59:34,43: KOEPFER 160/2,1.9381666666666664,3.7702851,3.77,1.945137157107232,1.8961094626033679,ANOMALIA,ANOMALIA,ANOMALIA,0.27359418634171107,0.27073804
25003499,20044,1200400111.0,2025-10-28 18:32:59,43: KOEPFER 160/2,8.75,8.550308,8.55,0.9771428571428572,1.0468712169959473,NORMALE,NORMALE,NORMALE,0.8868133333333333,0.87791204
25007189,16019,1203063111.0,2025-10-29 22:43:23,43: KOEPFER 160/2,27.9905,27.21012,27.21,0.9721155392008004,0.9525231428442563,NORMALE,NORMALE,NORMALE,0.9918505942275043,0.996513
25019258,20044,1203002141.0,2025-10-30 10:09:52,43: KOEPFER 160/2,3.3925000000000005,4.268583,4.27,1.258658806190125,1.312998877931275,NORMALE,NORMALE,ANOMALIA,0.6607847495611764,0.66340834
25018845,16019,1089910881.0,2025-10-30 18:21:04,43: KOEPFER 160/2,3.1844999999999994,2.7408044,2.74,0.860417647982415,0.8614208002270551,NORMALE,NORMALE,NORMALE,0.9787234042553191,0.9714004
25022426,14019,1204840101.0,2025-10-30 22:35:14,43: KOEPFER 160/2,3.451666666666666,2.9603627,2.96,0.8575567358763884,0.8699624191600119,NORMALE,NORMALE,NORMALE,0.9796437659033078,0.98461527
25015760,16019,1089910901.0,2025-10-31 18:08:34,43: KOEPFER 160/2,9.514333333333331,12.009479,12.01,1.262305994464492,1.246461914721158,NORMALE,ATTENZIONE,ANOMALIA,0.6421767464757046,0.63461673
25023489,16017,1207600091.0,2025-10-31 21:42:57,43: KOEPFER 160/2,2.494166666666666,2.090918,2.09,0.8379552288673571,0.8649670438361781,NORMALE,NORMALE,NORMALE,0.9898305084745763,0.99755645
25019061,16019,1202602111.0,2025-11-03 13:28:08,43: KOEPFER 160/2,3.3495000000000004,4.0195217,4.02,1.2001791312136136,1.19942729227833,NORMALE,ATTENZIONE,ANOMALIA,0.6931436567164181,0.68024874
25010504,20044,1203002111.0,2025-11-04 00:12:22,43: KOEPFER 160/2,6.69,5.9309134,5.93,0.8863976083707025,0.9137159268532236,NORMALE,NORMALE,NORMALE,0.9627071823204421,0.9594906
25003727,20044,1203000091.0,2025-11-04 11:31:09,43: KOEPFER 160/2,3.4200000000000004,3.3407187,3.34,0.9766081871345028,1.0123548241878673,NORMALE,NORMALE,NORMALE,0.8317213080433781,0.8382034
25022059,22044,1203021101.0,2025-11-04 16:50:10,43: KOEPFER 160/2,5.776,5.0797973,5.08,0.8795013850415513,0.8940046169617739,NORMALE,NORMALE,NORMALE,0.9802538787023978,0.9784541
25015743,22044,1204120171.0,2025-11-05 13:45:22,43: KOEPFER 160/2,11.614166666666668,12.849124,12.85,1.106407404749946,1.101586487793272,NORMALE,NORMALE,NORMALE,0.8266944233951192,0.84740937
25022993,14019,1203002101.0,2025-11-05 17:45:13,43: KOEPFER 160/2,1.86,2.2191284,2.22,1.1935483870967742,1.195046633054863,ANOMALIA,ATTENZIONE,ANOMALIA,0.7132943754565376,0.7162705
25025147,16017,1200200121.0,2025-11-05 19:00:10,43: KOEPFER 160/2,0.3603333333333333,0.45987692,0.46,1.2765957446808511,1.215842819737989,NORMALE,ANOMALIA,ANOMALIA,0.6130434782608695,0.60924613
25027061,14019,1203000091.0,2025-11-05 20:26:09,43: KOEPFER 160/2,0.403,0.6003817,0.6,1.4888337468982629,1.4078622193855075,ANOMALIA,ANOMALIA,ANOMALIA,0.5172605363984675,0.5241926
25020801,14019,1203002111.0,2025-11-05 22:12:05,43: KOEPFER 160/2,1.241,1.1491936,1.15,0.9266720386784848,1.11990967852085,ANOMALIA,ANOMALIA,ANOMALIA,0.9136690647482015,0.8805641
25022155,14019,1203004101.0,2025-11-05 23:36:22,43: KOEPFER 160/2,0.707,0.7229378,0.7,0.99009900990099,1.0930617284585424,ANOMALIA,ANOMALIA,ANOMALIA,0.8854166666666666,0.8149863
25024811,24044,1204440096.0,2025-11-07 08:54:48,43: KOEPFER 160/2,13.564166666666663,19.580173,16.93,1.24814154942557,1.3052202339295733,ANOMALIA,ATTENZIONE,ANOMALIA,0.6526582269102251,0.6493225
25025027,22044,1201300211.0,2025-11-07 15:04:04,43: KOEPFER 160/2,6.586666666666667,6.3280826,5.56,0.8441295546558704,0.8664301627357037,NORMALE,NORMALE,NORMALE,0.993006993006993,0.99686784
25023636,14019,1083000951.0,2025-11-07 21:22:38,43: KOEPFER 160/2,1.9016666666666664,2.4612002,2.56,1.346187554776512,1.6114006685571431,ANOMALIA,ANOMALIA,ANOMALIA,0.5542271931966145,0.5318324
25019997,22044,1089930581.0,2025-11-10 20:48:56,43: KOEPFER 160/2,13.974,10.472436,12.06,0.8630313439244311,0.9465336400389642,NORMALE,NORMALE,NORMALE,0.9745762711864406,0.957089
25002670,22044,1200400191.0,2025-11-11 07:27:48,43: KOEPFER 160/2,3.1026666666666665,3.1437001,3.66,1.1796304254404817,1.181140676783286,NORMALE,ATTENZIONE,ANOMALIA,0.7201449981063679,0.7077863
25008483,22044,1200710111.0,2025-11-11 15:50:19,43: KOEPFER 160/2,5.5945,6.7673497,6.59,1.17794262221825,1.1948970987705827,ANOMALIA,ATTENZIONE,ANOMALIA,0.7413104845437932,0.7464437
25023570,26044,1089910831.0,2025-11-12 19:02:21,43: KOEPFER 160/2,3.717,5.0807147,4.6,1.2375571697605594,1.2629761709236158,NORMALE,ATTENZIONE,NORMALE,0.685782986767486,0.7134104
25011772,24044,1207900231.0,2025-11-13 08:42:54,43: KOEPFER 160/2,8.551333333333334,6.10808,8.68,1.0150463865284165,0.9261066260601288,NORMALE,NORMALE,NORMALE,0.974875374533476,1.0
25019819,22044,1203070111.0,2025-11-13 17:50:51,43: KOEPFER 160/2,4.720000000000001,7.3830705,7.04,1.4915254237288134,1.2551123230174361,ANOMALIA,ANOMALIA,ANOMALIA,0.47224897473027955,0.5445013
25019656,26044,1205042111.0,2025-11-17 08:41:50,43: KOEPFER 160/2,5.895,15.252589,11.74,1.9915182357930448,1.5133080707263764,ANOMALIA,ANOMALIA,ANOMALIA,0.2674253502749983,0.3378015
25019410,26044,1201901001.0,2025-11-19 13:10:06,43: KOEPFER 160/2,37.392,27.795532,41.66,1.1141420624732563,1.2646039634512771,NORMALE,ATTENZIONE,NORMALE,0.8105893944445539,0.8553054
25014485,28044,1202600171.0,2025-11-20 20:31:24,43: KOEPFER 160/2,27.434666666666665,9.097243,28.75,1.047944206842924,1.132159163906648,NORMALE,NORMALE,NORMALE,0.9121558741905641,0.9529557
25021404,22044,1201901031.0,2025-11-21 22:28:21,43: KOEPFER 160/2,15.9005,12.529276,14.5,0.911921008773309,1.1100242696453286,NORMALE,NORMALE,NORMALE,0.9383313180169287,0.9184213
25000125,18017,1089995351.0,2025-11-24 20:55:21,43: KOEPFER 160/2,1.01,2.067513,2.01,1.9900990099009896,1.5711430054423763,ANOMALIA,ANOMALIA,ANOMALIA,0.31645209069158037,0.3325201
25023593,16019,1089930271.0,2025-11-25 11:57:37,43: KOEPFER 160/2,5.148000000000001,6.2546186,6.35,1.2334887334887332,1.1326217454918792,NORMALE,ATTENZIONE,NORMALE,0.6849272654477514,0.71110183
25021196,22044,1089930891.0,2025-11-25 16:48:09,43: KOEPFER 160/2,1.3071666666666666,3.3635178,2.76,2.1114369501466275,1.6121450533027086,ANOMALIA,ATTENZIONE,ANOMALIA,0.31464441872427984,0.32503903
25019918,24044,1089959451.0,2025-11-25 19:13:23,43: KOEPFER 160/2,0.7146666666666667,1.6494534,0.88,1.2313432835820894,1.0130932261815209,NORMALE,NORMALE,NORMALE,0.6961038961038962,0.70610243
25023913,24044,1089959451.0,2025-11-25 19:37:15,43: KOEPFER 160/2,0.371,1.9550222,0.33,0.8894878706199462,1.0609573417531488,NORMALE,NORMALE,NORMALE,0.7037037037037037,0.42232373
25019993,24044,1089945001.0,2025-11-25 21:21:21,43: KOEPFER 160/2,1.034,1.8660377,1.56,1.5087040618955512,1.7147475457001853,ANOMALIA,NORMALE,ANOMALIA,0.4978651815755889,0.48926196
25016233,22044,1089930631.0,2025-11-26 15:05:19,43: KOEPFER 160/2,8.576,7.8097863,8.79,1.0249533582089552,0.944156625485459,NORMALE,NORMALE,NORMALE,0.9573986693440619,0.97594315
25019061,26044,1202602111.0,2025-11-27 17:25:29,43: KOEPFER 160/2,13.871,10.639904,15.84,1.1419508326724823,1.252222062631013,NORMALE,ATTENZIONE,NORMALE,0.7788411333970072,0.814504
25023601,20044,1089930571.0,2025-11-28 14:15:44,43: KOEPFER 160/2,12.926333333333334,10.980883,14.18,1.0969854818329507,1.0883977346632725,NORMALE,ATTENZIONE,NORMALE,0.8445119700014122,0.9068162
25023795,24044,1204320106.0,2025-12-02 14:31:02,43: KOEPFER 160/2,25.428,22.548569,26.35,1.0362592417807142,1.0466443826575818,NORMALE,NORMALE,NORMALE,0.9346806180536731,0.95394796
25025056,16020,1089930261.0,2025-12-02 21:08:23,43: KOEPFER 160/2,4.212666666666667,6.0391183,3.8,0.902041462256686,0.9931749044663172,NORMALE,NORMALE,NORMALE,0.936768149882904,0.92444915
25023476,16017,1204640161.0,2025-12-03 11:03:27,43: KOEPFER 160/2,1.5358333333333332,1.2058039,1.52,0.9896907216494848,0.9971868275420985,NORMALE,NORMALE,NORMALE,0.933609958506224,0.901289
25023783,14019,1089930591.0,2025-12-03 17:31:19,43: KOEPFER 160/2,5.5760000000000005,7.071867,5.85,1.0491391678622668,1.1529038489501628,NORMALE,ATTENZIONE,NORMALE,0.8805404965404966,0.88146585
25030211,14019,1089942721.0,2025-12-03 21:36:39,43: KOEPFER 160/2,0.56,0.74051064,0.64,1.1428571428571428,1.0033730108240204,NORMALE,ANOMALIA,NORMALE,0.7590361445783133,0.73622584
25023497,20044,1203004161.0,2025-12-04 14:09:56,43: KOEPFER 160/2,6.963,5.9337754,5.66,0.8128680166594858,0.8897735887449018,NORMALE,NORMALE,NORMALE,0.9908256880733946,1.0
25023353,22044,1204480121.0,2025-12-05 11:43:12,43: KOEPFER 160/2,3.852,11.062806,7.26,1.884735202492212,1.3876863675066256,ANOMALIA,ANOMALIA,ANOMALIA,0.32266576974822214,0.30742776
25023796,16019,1204320126.0,2025-12-09 13:09:59,43: KOEPFER 160/2,3.4125,3.274683,3.28,0.9611721611721612,1.0381577378177425,NORMALE,NORMALE,NORMALE,0.9250535331905783,0.90925395
25022336,16017,1089995931.0,2025-12-09 16:47:44,43: KOEPFER 160/2,2.1546666666666665,2.5600917,2.89,1.3412747524752475,1.2447066731013143,NORMALE,ATTENZIONE,ANOMALIA,0.607071267363404,0.63243234
25022993,20044,1203002101.0,2025-12-10 16:03:01,43: KOEPFER 160/2,5.617500000000001,7.7293262,6.6,1.1748998664886514,1.2256087223720267,NORMALE,ATTENZIONE,ANOMALIA,0.7158782593375618,0.69990015
25018200,24044,1207300111.0,2025-12-16 15:30:59,43: KOEPFER 160/2,1.526,6.18421,3.36,2.201834862385321,1.3615517061011804,ANOMALIA,ANOMALIA,ANOMALIA,0.24720464135021095,0.36639312
25017478,24044,1083003451.0,2025-12-17 13:34:12,43: KOEPFER 160/2,3.756333333333333,5.7107005,4.66,1.2405714792794391,1.1906550946189436,NORMALE,ATTENZIONE,ANOMALIA,0.6782275283205617,0.6890497
25023636,24044,1083000951.0,2025-12-18 16:42:57,43: KOEPFER 160/2,16.141666666666666,19.766129,17.93,1.11078988125968,1.2170963364087044,NORMALE,ATTENZIONE,NORMALE,0.8180826671624217,0.87259984
25023604,16019,1089930641.0,2025-12-19 00:07:12,43: KOEPFER 160/2,5.608666666666666,4.440062,5.8,1.0341138713895164,1.1920027628302927,NORMALE,ATTENZIONE,NORMALE,0.8939484035759898,0.89453447
25022155,20044,1203004101.0,2025-12-19 19:59:09,43: KOEPFER 160/2,3.0900000000000003,4.036675,4.98,1.6116504854368932,1.3515933328602343,ANOMALIA,ATTENZIONE,ANOMALIA,0.4036144578313253,0.40317413
25024944,16019,1089930281.0,2025-12-22 15:03:08,43: KOEPFER 160/2,5.218666666666667,3.6843781,5.36,1.027082268778743,0.9223497883068751,NORMALE,NORMALE,NORMALE,0.9533802985074626,0.9727233
25023488,16017,1207000121.0,2025-12-22 20:25:46,43: KOEPFER 160/2,0.5445000000000001,0.539181,0.53,0.9733700642791552,0.9633063412816268,NORMALE,NORMALE,NORMALE,0.8873239436619719,0.82885814
25029069,22044,1200400271.0,2026-01-07 11:50:15,43: KOEPFER 160/2,1.7680000000000002,2.1652808,1.47,0.8314479638009048,1.046155765617985,NORMALE,NORMALE,NORMALE,0.990990990990991,0.96866417
25025243,24044,1083003601.0,2026-01-07 19:58:34,43: KOEPFER 160/2,3.441666666666667,5.336943,5.16,1.499273607748184,1.3866439398032586,NORMALE,ATTENZIONE,NORMALE,0.4751743563186481,0.48854655
25016448,22044,1204120101.0,2026-01-08 15:09:53,43: KOEPFER 160/2,5.9295,6.4867263,5.03,0.8483008685386627,1.050152561464437,NORMALE,NORMALE,NORMALE,0.9832214765100672,0.9567574
25023600,20044,1089930561.0,2026-01-12 23:39:03,43: KOEPFER 160/2,8.510333333333334,29.27724,12.59,1.4793780110453958,1.2641498250318635,NORMALE,ATTENZIONE,NORMALE,0.4824177708826241,0.4817498
25019997,22044,1089930581.0,2026-01-14 08:29:55,43: KOEPFER 160/2,7.516666666666666,8.052508,8.14,1.082926829268293,1.1199716924782077,NORMALE,NORMALE,NORMALE,0.8649663612109962,0.8422574
25023290,20044,1201600151.0,2026-01-14 14:43:06,43: KOEPFER 160/2,6.604,5.7563767,5.54,0.838885523924894,1.0520330254606742,NORMALE,NORMALE,NORMALE,0.9893190921228304,0.9750503
25024944,20044,1089930281.0,2026-01-16 18:28:32,43: KOEPFER 160/2,9.438,11.161413,7.8,0.8264462809917357,1.02717062364112,NORMALE,NORMALE,NORMALE,0.9922480620155039,0.9757941
25019623,16019,1200300161.0,2026-01-19 08:02:54,43: KOEPFER 160/2,2.476,2.7100544,3.18,1.284329563812601,1.5862021954245171,ANOMALIA,NORMALE,ANOMALIA,0.6386910947042201,0.6499495
25023322,14017,1204000111.0,2026-01-19 13:15:24,43: KOEPFER 160/2,3.61,3.4054847,3.56,0.9861495844875346,1.342001649910972,NORMALE,NORMALE,ANOMALIA,0.8971553610503283,0.7682356
25023499,14019,1203002111.0,2026-01-19 15:43:46,43: KOEPFER 160/2,1.7325,1.5113071,1.89,1.0909090909090908,1.217721869667225,NORMALE,ATTENZIONE,NORMALE,0.8100775193798451,0.7472663
25030211,20044,1089942721.0,2026-01-19 21:07:51,43: KOEPFER 160/2,1.014,1.8316617,1.26,1.242603550295858,1.1942760441532425,NORMALE,NORMALE,ANOMALIA,0.6545396825396825,0.6028325
25023566,18019,1202600141.0,2026-01-19 23:30:40,43: KOEPFER 160/2,1.0513333333333332,0.9234902,1.18,1.122384273937857,1.185332701407628,NORMALE,ANOMALIA,NORMALE,0.7697413428648294,0.73440516
25031889,14017,1200100191.0,2026-01-20 00:18:22,43: KOEPFER 160/2,0.352,0.3883914,0.44,1.25,1.1918197542086313,NORMALE,ANOMALIA,ANOMALIA,0.6567164179104479,0.6154325
25023599,22044,1089930531.0,2026-01-21 00:28:08,43: KOEPFER 160/2,18.468,13.77538,15.88,0.8598657136668832,1.03465797602621,NORMALE,NORMALE,NORMALE,0.9952802359882007,0.9873394
25023783,22044,1089930591.0,2026-01-21 15:42:44,43: KOEPFER 160/2,6.265333333333333,7.0292544,6.31,1.007129176420515,1.1334348775859104,NORMALE,NORMALE,NORMALE,0.874122279544271,0.7976696
25023942,20044,1089930521.0,2026-01-22 09:25:26,43: KOEPFER 160/2,13.7865,16.193195,14.27,1.035070540021035,1.0798815829411306,NORMALE,NORMALE,NORMALE,0.935827950915831,0.93583995
25030177,24044,1083003421.0,2026-01-26 11:23:19,43: KOEPFER 160/2,14.272666666666666,16.631157,15.83,1.109112989864076,1.2185561952798007,NORMALE,NORMALE,ANOMALIA,0.8206013780039717,0.82041514
25021404,22044,1201901031.0,2026-01-26 19:24:45,43: KOEPFER 160/2,5.4896666666666665,6.893904,4.77,0.8689052158601007,1.0644209843783612,NORMALE,NORMALE,NORMALE,0.9559859154929577,0.89979583
25029089,14019,1083003421.0,2026-01-27 22:01:56,43: KOEPFER 160/2,4.3555,17.11124,9.2,2.112271840202044,1.7309919646753853,ANOMALIA,ANOMALIA,ANOMALIA,0.2528934379245923,0.3175004
25023355,22044,1204480181.0,2026-01-30 13:16:38,43: KOEPFER 160/2,9.115333333333332,19.604546,16.09,1.7651576098881008,1.4282988110823474,ANOMALIA,ANOMALIA,ANOMALIA,0.3345961033315854,0.31815007
25015895,26044,1202602101.0,2026-02-02 15:56:24,43: KOEPFER 160/2,2.895,4.337526,4.34,1.4991364421416236,1.3859601855547214,ANOMALIA,ATTENZIONE,ANOMALIA,0.5080889389870591,0.55572355
25023602,22044,1089930611.0,2026-02-04 07:15:09,43: KOEPFER 160/2,15.471166666666669,11.87863,15.54,1.0044491365658696,1.0423733818592735,NORMALE,NORMALE,NORMALE,0.9921057077959633,0.9866477
25001684,24044,1089990331.0,2026-02-09 10:58:59,43: KOEPFER 160/2,44.833,54.05406,54.3,1.2111614212745077,1.3302130181467817,NORMALE,ATTENZIONE,ANOMALIA,0.6772456584839925,0.6703646
25033094,14019,1089930581.0,2026-02-09 16:52:42,43: KOEPFER 160/2,2.9155,2.3202631,2.43,0.8334762476419141,1.1014150361605242,NORMALE,NORMALE,NORMALE,0.9588477366255144,0.91174126
25023610,22044,1203072091.0,2026-02-10 14:33:56,43: KOEPFER 160/2,6.897,6.502305,6.16,0.8931419457735247,1.0398787556037772,NORMALE,NORMALE,NORMALE,0.9457917261055635,0.88532573
25029217,14019,1089930391.0,2026-02-10 16:57:36,43: KOEPFER 160/2,1.9786666666666668,1.6195334,1.86,0.9400269541778976,1.0949433850126582,NORMALE,NORMALE,NORMALE,0.9367588932806323,0.8447
25023342,24044,1204280121.0,2026-02-11 22:15:58,43: KOEPFER 160/2,12.078,8.255075,13.41,1.1102831594634874,1.1700220984345617,NORMALE,ATTENZIONE,NORMALE,0.8109979765878905,0.80936927
25023483,24044,1207200121.0,2026-02-17 15:11:19,43: KOEPFER 160/2,34.454,54.09134,46.88,1.3606547860916005,1.3920812879212179,NORMALE,NORMALE,ANOMALIA,0.5448164277921791,0.5054906
25024098,14019,1204360111.0,2026-02-17 17:50:42,43: KOEPFER 160/2,0.782,0.48920253,0.81,1.0358056265984654,1.0295374301148679,NORMALE,NORMALE,NORMALE,0.9535131839658588,0.9542307
25019744,24044,1089910861.0,2026-02-18 00:16:56,43: KOEPFER 160/2,6.479,6.1746325,6.13,0.9461336626022534,1.2337367305459161,NORMALE,NORMALE,NORMALE,0.9189907038512616,0.8490716
26001524,14019,1204480191.0,2026-02-18 13:26:47,43: KOEPFER 160/2,0.8855,0.82024217,0.94,1.0615471485036705,1.0725607093706535,NORMALE,ANOMALIA,NORMALE,0.9014169112252381,0.89711356
25023589,16019,1202610111.0,2026-02-18 19:58:26,43: KOEPFER 160/2,3.54,2.9678178,3.83,1.0819209039548023,1.1001450402336626,NORMALE,NORMALE,NORMALE,0.861103215784777,0.85035235
25023449,22044,1204120241.0,2026-02-19 13:40:18,43: KOEPFER 160/2,4.614166666666668,12.132484,7.64,1.655770272710854,1.38124616396026,NORMALE,NORMALE,ANOMALIA,0.4095668088751628,0.42809358
25023322,22044,1204000111.0,2026-02-20 18:17:01,43: KOEPFER 160/2,12.5615,19.101395,10.15,0.8080245193647255,1.0365020253964718,NORMALE,NORMALE,NORMALE,0.9901768172888016,0.9680627
25006477,18019,1202608321.0,2026-02-23 13:03:08,43: KOEPFER 160/2,3.5425,3.3093648,4.34,1.2251235003528582,1.1623589864374473,NORMALE,NORMALE,NORMALE,0.6846832096734261,0.66866004
25023941,16019,1202610121.0,2026-02-23 15:37:43,43: KOEPFER 160/2,1.4705,2.132122,1.48,1.0064603876232572,1.1306925371827186,NORMALE,NORMALE,NORMALE,0.8837931163207409,0.7732607
25027881,14019,1204120201.0,2026-02-23 17:29:05,43: KOEPFER 160/2,1.35,0.8339525,1.2,0.8888888888888888,1.0896587923359318,NORMALE,NORMALE,NORMALE,0.9620253164556962,0.9180676
